line_number,confidence,issue_count,first_issue_line,computed_from_answer,written_in_answer,difference,question,answer
58,medium,1,874€ * 1.07 = 934.18$,935.1800000000001,934.18,1.0000000000001137,Sara bir bilgisayar almak için iki farklı mağazaya bakıyor. İlk mağaza %6 indirimle 950$'a bir cihaz sunuyor. İkinci mağaza ise aynı bilgisayarı %5 indirimle 920€'ya satıyor. İki mağaza arasındaki fiyat farkı nedir?,"Öncelikle her iki mağazanın indirimli fiyatlarını hesaplayalım.

Birinci mağazada:
950$ - %6 indirim = 950$ * (1 - 0.06) = 950$ * 0.94 = 893$

İkinci mağazada:
920€ - %5 indirim = 920€ * (1 - 0.05) = 920€ * 0.95 = 874€

Şimdilerde Avro/Dolar kuru yaklaşık 1€ = 1.07$ civarında.

İkinci mağazanın indirimli fiyatını dolara çevirelim:
874€ * 1.07 = 934.18$

Şimdi fiyat farkını hesaplayalım:
934.18$ - 893$ = 41.18$

İki mağaza arasındaki fiyat farkı yaklaşık olarak 41.18$'dır."
123,low,1,2*(uzunluk + 4) = 30,8.0,30.0,22.0,"Genişliği 4 inç olan bir dikdörtgen var. Eğer dikdörtgenin çevresi 30 inç ise, dikdörtgenin alanı nedir?","Dikdörtgenin çevresini hesaplamak için uzunlukların toplamını kullanırız. Dikdörtgenin çevresi 2*(uzunluk + genişlik) formülü ile bulunur. Verilenlere göre genişlik 4 inç ve çevre 30 inç'tir.

2*(uzunluk + 4) = 30
uzunluk + 4 = 15
uzunluk = 11 inç

Dikdörtgenin alanı genişlik * uzunluk formülü ile hesaplanır:
Alan = 4 * 11 = 44 inç kare

Dikdörtgenin alanı 44 inç karedir."
212,medium,1,Toplam balık sayısı: 8 + 12 + 24 = 36,44.0,36.0,8.0,"Catriona'nın akvaryumunda 8 Japon balığı var. Japon balığından 4 tane daha fazla melek balığı var. Ayrıca, melek balığından iki kat daha fazla lepistesi var. Catriona'nın akvaryumunda kaç balık var?","Catriona'nın akvaryumunda toplamda 36 balık vardır. Hesaplama şu şekildedir:
- Japon balığı: 8
- Melek balığı: 8 + 4 = 12
- Lepistes: 12 * 2 = 24

Toplam balık sayısı: 8 + 12 + 24 = 36"
260,low,1,\[ 79 + 5 = 2 \times John\],84.0,2.0,82.0,"James 23 yaşına girdiğinde John 35 yaşına girmişti.  Tim, John'un yaşının iki katından 5 yıl daha küçüktür.  Tim 79 yaşındaysa James kaç yaşındadır?","Öncelikle, John'un yaşını ve Tim'in yaşını kullanarak John'un şu an kaç yaşında olduğunu bulmamız gerekiyor.

Tim, John'un yaşının iki katından 5 yıl daha küçük olduğuna göre:
\[ Tim = 2 \times John - 5 \]

Tim'in 79 yaşında olduğunu bildiğimize göre bu denklemi çözebiliriz:
\[ 79 = 2 \times John - 5 \]
\[ 79 + 5 = 2 \times John\]
\[ 84 = 2 \times John \]
\[ John = 42 \]

Şimdi, John'un şu anda 42 yaşında olduğunu biliyoruz. John 35 yaşında olduğunda James 23 yaşındaydı. O zaman aralarındaki yaş farkı:
\[ 35 - 23 = 12 \]

Bu durumda, James şu anda John'dan 12 yaş daha gençtir:
\[ James = John - 12 \]
\[ James = 42 - 12 \]
\[ James = 30 \]

James şu anda 30 yaşındadır."
466,medium,1,Net değişim: 8 - 12 = 4 azalma,-4.0,4.0,8.0,"Cuma günü Hank ikinci el bisiklet dükkanını, tamir edilmiş ve sürülmeye hazır bisiklet stokuyla açtı. Gün boyunca 10 bisiklet sattı ve tamir etmek için 15 bisiklet daha satın aldı. Cumartesi günü 12 bisiklet sattı ve 8 tane daha satın aldı. Pazar günü ise 9 bisiklet sattı ve 11 tane daha satın aldı. Üç gün boyunca Hank'in mağazasında stokta bulunan bisiklet sayısındaki net artış ne kadardır?","Hank'in mağazasında stoktaki bisikletlerin net artışını bulmak için satılan ve satın alınan bisikletleri dikkate almalıyız.

Cuma günü:
- Satılan bisiklet: 10
- Satın alınan bisiklet: 15
Net değişim: 15 - 10 = 5 artış

Cumartesi günü:
- Satılan bisiklet: 12
- Satın alınan bisiklet: 8
Net değişim: 8 - 12 = 4 azalma

Pazar günü:
- Satılan bisiklet: 9
- Satın alınan bisiklet: 11
Net değişim: 11 - 9 = 2 artış

Üç günün toplamında net değişim:
5 (artış) + (-4) (azalma) + 2 (artış) = 3 artış

Sonuç olarak, üç gün boyunca Hank'in mağazasında stokta bulunan bisiklet sayısında net artış 3'tür."
478,medium,1,"Dan, iyi iş yaparak 10$ - 100$ = -90$ kazanmıştır, yani iyi iş yaparak daha fazla kazanmamış, aksine 90$ daha az kazanmıştır.",-90.0,90.0,180.0,"Dan, her biri 0,25$'dan 400 iş görevi yapmak için bir saat harcadı. Sonra Dan, her biri 2,00$'dan 5 iş yaparak bir saat geçirdi. Dan, daha düşük ücretli işe kıyasla iyi işi yaparak ne kadar daha fazla kazanmıştır?","Dan düşük ücretli işten 400 iş görevi yaparak 100$ kazanmıştır (400 x 0,25$).

İyi işten ise 5 iş yaparak 10$ kazanmıştır (5 x 2,00$).

Dan, iyi iş yaparak 10$ - 100$ = -90$ kazanmıştır, yani iyi iş yaparak daha fazla kazanmamış, aksine 90$ daha az kazanmıştır."
524,medium,1,5 gün × 35 paket/gün = 175 paket + 1 izin,175.0,176.0,1.0,"Max bir teslimat şirketinde kurye olarak çalışmaktadır. Bir iş günü boyunca en fazla 35 paket teslim edebilir. Bir hafta boyunca Max sadece iki kez maksimum sayıda paket teslim etmiştir. Diğer iki günde Max toplam 50 paket boşaltmış, bir günde ise mümkün olan maksimum günlük performansın yalnızca yedide birini boşaltmıştır. Son iki günde, taşınan paketlerin toplamı maksimum günlük performansın yalnızca dörtte beşi kadardı. Max maksimum performansta çalışsaydı o hafta boyunca kaç paket daha taşıyabilirdi?","Max, bir iş günü boyunca en fazla 35 paket teslim edebilir. Bir hafta boyunca maksimum 5 gün çalışır (ortalama 7 gün haftasında 2 gün izin alınacaktır).

- İki gün maksimum paket - 35 paket/gün:
  2 gün × 35 paket = 70 paket

- Diğer iki gün 50 paket toplamında:
  2 gün = 50 paket

- Bir gün minimum performansın sadece yedide biri:
  35 paket ÷ 7 = 5 paket

- Son iki günde toplam taşınan paketlerin sayısı maksimum performansın dörtte beşi kadar:
  35 paket/gün × 2 gün = 70 paket
  70 paket × 4/5 = 56 paket

Bir haftada taşınan paketlerin toplamı:
70 + 50 + 5 + 56 = 181 paket

Eğer Max maksimum performansla çalışsaydı:
5 gün × 35 paket/gün = 175 paket + 1 izin
= 245 paket taşıyabilirdi

245 paket - 181 paket = 64 paket daha taşıyabilirdi.
"
528,low,1,Renkli kartuşların maliyeti 3 * 32 = 96 $ ve siyah-beyaz kartuşun maliyeti 27 $.,96.0,69.0,27.0,"Yazıcının çalışması için Jerry'nin bir siyah-beyaz kartuş ve üç renkli kartuş eklemesi gerekiyor. Her bir renkli kartuş 32 $ ve her bir siyah-beyaz kartuş 27 $ ise, toplam ne kadar öder?","Jerry, üç renkli kartuş ve bir siyah-beyaz kartuş ekleyecek. Renkli kartuşların maliyeti 3 * 32 = 96 $ ve siyah-beyaz kartuşun maliyeti 27 $.

Toplam maliyet:
96 $ + 27 $ = 123 $

Jerry toplamda 123 $ öder."
560,low,1,"8 dolar / 10,5 ons = 0,76 dolar/ons",0.7619047619047619,0.76,0.0019047619047618536,"Maddie annesinin her hafta kahveye ne kadar harcadığını görmek istiyor. Kendisine günde 2 fincan kahve yapıyor. Her fincanda 1,5 ons kahve çekirdeği var. Bir paket kahvenin fiyatı 8 dolar ve 10,5 ons kahve çekirdeği içeriyor. Haftada 1/2 galon süt kullanıyor. Bir galon sütün fiyatı 4 $. Kahveye hiç şeker katmıyor. Haftada kahve için ne kadar harcıyor?","Maddie'nin haftalık kahve masrafını hesaplamak için öncelikle kahve çekirdeği ve süt maliyetlerini bulmamız gerekiyor.

1. Kahve Çekirdeği Tüketimi ve Maliyeti:
- Maddie günde 2 fincan kahve içiyor, her fincanda 1,5 ons kahve çekirdeği var.
  Günlük kahve çekirdeği tüketimi: 2 fincan * 1,5 ons = 3 ons
  Haftalık kahve çekirdeği tüketimi: 3 ons * 7 gün = 21 ons

- Bir paket kahve 8 dolar ve 10,5 ons kahve çekirdeği içeriyor.
  Paket başına kahve çekirdeği fiyatı:
  8 dolar / 10,5 ons = 0,76 dolar/ons

  Haftalık kahve çekirdeği maliyeti:
  21 ons * 0,76 dolar/ons = 15,96 dolar

2. Süt Tüketimi ve Maliyeti:
- Maddie haftada 1/2 galon süt kullanıyor.
  Süt fiyatı ise 4 dolar/galon.

  Haftalık süt maliyeti:
  1/2 galon * 4 dolar/galon = 2 dolar

Toplam Haftalık Kahve Maliyeti:
- Toplam maliyeti bulmak için kahve çekirdeği ve süt maliyetlerini topluyoruz:
  15,96 dolar (kahve çekirdeği) + 2 dolar (süt) = 17,96 dolar

Maddie haftada kahve için toplamda 17,96 dolar harcıyor."
645,medium,1,Andy 156 - 128.625 = 27.375 kilo daha hafif.,-128469.0,27375.0,155844.0,Andy yıla 156 kilo ağırlığında başladı. Daha sonra 3 inç uzadı ve 36 kilo aldı. Andy kilosundan memnun değildi ve egzersiz yapmaya karar verdi. Sonraki 3 ay boyunca her ay kilosunun sekizde birini verdi. Andy şimdi yılın başına göre ne kadar daha hafiftir?,"Andy başlangıçta 156 kilo idi ve 36 kilo aldı, bu yüzden 192 kiloya ulaştı. Sonra her ay kilosunun sekizde birini üç ay boyunca verdi.

İlk ay: 192 / 8 = 24 kilo verdi, yani 192 - 24 = 168 kilo oldu.
İkinci ay: 168 / 8 = 21 kilo verdi, yani 168 - 21 = 147 kilo oldu.
Üçüncü ay: 147 / 8 = 18.375 kilo verdi, yani 147 - 18.375 = 128.625 kilo oldu.

Şu anki kilosu 128.625 kilo ve başlangıç kilosu 156 kilo idi. Andy 156 - 128.625 = 27.375 kilo daha hafif.

Andy şimdi yılın başına göre 27.375 kilo daha hafiftir."
695,medium,1,2 kısa kenar + 2 uzun kenar = 640 fit,4.0,640.0,636.0,"Özel mülkiyete ait dikdörtgen bir arsanın etrafı zincirli bir çitle çevrilmiştir. Arsanın uzun kenarları kısa kenarlarının üç katı uzunluğundadır. Çitin kısa kenarlarından biri bir fıskiyenin çarpması sonucu paslanmıştır ve değiştirilmesi gerekmektedir. Çitin tüm kenarları birlikte 640 fit uzunluğundaysa, çitin kaç fitinin değiştirilmesi gerekir?","Dikdörtgen arsanın kısa kenar uzunluğunu \( x \) olarak varsayalım. Uzun kenarlar ise \( 3x \) uzunluğundadır. Çitin toplam uzunluğu tüm kenarların toplamına eşittir:

2 kısa kenar + 2 uzun kenar = 640 fit

\[ 2x + 2(3x) = 640 \]

\[ 2x + 6x = 640 \]

\[ 8x = 640 \]

\[ x = 80 \]

Bu durumda kısa kenarlardan biri \( 80 \) fit uzunluğundadır. Dolayısıyla değiştirilmesi gereken çit uzunluğu \( 80 \) fittir."
732,low,1,"\[ (2000 \, \text{USD} + 800 \, \text{USD}) \cdot 2 = 2800 \, \text{USD} \]",5600.0,2800.0,2800.0,"Bir serbest çalışan olarak Baylor, serbest çalışan bir pazarda yaptığı her bitmiş müşteri işi için ödeme alıyor. Şu anda, daha önce yaptığı işlerden dolayı gösterge tablosunda 4000 $ var. Şu anda üç müşteri için çalışıyor ve ilk müşteri, iş bittiğinde şu anda panosunda bulunan para miktarının yarısını ödüyor. İkinci müşteri, Baylor işini bitirdiğinde ona ilk müşteriden 2/5 kat daha fazla para ödeyecek. Üçüncü müşteri, Baylor işi bitirdiğinde ona birinci ve ikinci müşterinin birlikte ödediği paranın iki katını ödeyecek. Tüm müşteriler ona işi için ödeme yaptıktan sonra Baylor'un gösterge tablosunda ne kadar para olacaktır?","Şu anda Baylor'un gösterge tablosunda 4000 $ var. Şimdi, her bir müşteri tarafından ödenen miktarları hesaplayalım:

- İlk müşteri, Baylor'a şu anda panosunda bulunan miktarın yarısını ödeyecek:
  \[ 4000 \, \text{USD} \div 2 = 2000 \, \text{USD} \]

- İkinci müşteri, Baylor'a ilk müşteriden aldığı paranın 2/5 katını ödeyecek:
  \[ 2000 \, \text{USD} \cdot \frac{2}{5} = 800 \, \text{USD} \]

- Üçüncü müşteri, Baylor'a birinci ve ikinci müşterinin birlikte ödediği paranın iki katını ödeyecek:
  \[ (2000 \, \text{USD} + 800 \, \text{USD}) \cdot 2 = 2800 \, \text{USD} \]

Şimdi bu ödemeleri toplarsak:
  \[ 4000 \, \text{USD} + 2000 \, \text{USD} + 800 \, \text{USD} + 2800 \, \text{USD} = 9600 \, \text{USD} \]

Sonuçta, tüm müşteriler ona işi için ödeme yaptıktan sonra Baylor'un gösterge tablosunda 9600 $ olacaktır."
793,low,2,\[ \frac{3}{5} \cdot 150 - 4 + Vlad'ın\ puanları = 150 \],86.0,150.0,64.0,"Taro ve Vlad birlikte bir video oyunu yarışması oynarlar ve her galibiyet için 5 puan kazanırlar. 30 tur oynadıktan sonra Taro, toplam puanların 3/5'inden 4 puan daha az puan aldı. Vlad toplam kaç puan kazanmıştır?","Toplam tur sayısı 30 olduğuna göre, her galibiyet 5 puan kazandırır. Taro'nun aldığı puanları belirleyelim.

Taro'nun puanları toplamın 3/5'inden 4 puan daha azdır:
\[ Taro'nun\ puanları\ = \frac{3}{5} \cdot Toplam\ puanlar - 4 \]

O zamanda,
\[ Toplam\ puanlar = Taro'nun\ puanları + Vlad'ın\ puanları \]
olduğu için,
\[ Taro'nun\ puanları + Vlad'ın\ puanları = 30 \times 5 \]
\[ Taro'nun\ puanları + Vlad'ın\ puanları = 150 \]

Eşitlikte yerine koyarsak,
\[ \frac{3}{5} \cdot 150 - 4 + Vlad'ın\ puanları = 150 \]
\[ 90 - 4 + Vlad'ın\ puanları = 150 \]
\[ 86 + Vlad'ın\ puanları = 150 \]
\[ Vlad'ın\ puanları = 150 - 86 \]
\[ Vlad'ın\ puanları = 64 \]

Bu durumda Vlad toplam 64 puan kazanmıştır."
832,medium,1,42$ - 48$ = 6$ tasarruf edersiniz.,-6.0,6.0,12.0,"Bir düzine çörek alırsanız 8$'a mal olur; ancak 2 düzine alırsanız 14$'a mal olur. 2 düzinelik 3 set satın aldığınızda, 1 düzinelik 6 set satın almaktan ne kadar tasarruf edersiniz?","2 düzine çörek fiyatı 14$.

2 düzinelik 3 set alırsanız:
3 x 14$ = 42$ ödersiniz.

1 düzine çörek fiyatı 8$.

1 düzinelik 6 set alırsanız:
6 x 8$ = 48$ ödersiniz.

42$ - 48$ = 6$ tasarruf edersiniz."
879,low,1,"Toplam maliyet = 50 $ + 6,5062114 $ = 56,51 $",56.5062114,56.51,0.003788600000000031,"Tom odası için yeni bir zemin yaptırmaya karar verir.  Zemini sökmek 50 dolara mal olmuştur.  Yeni zeminin metrekare fiyatı 1,25 $ ve Tom'un odası 8*7 feet.  Zemini değiştirmek ne kadara mal oldu?","Tom'un odası 8*7 feet, bu da toplam 56 square feet eder. Metrekareye çevirmek için 0,09290304 ile çarpmamız gerekir:

56 square feet * 0,09290304 = 5,20496912 metrekare

Yeni zeminin metrekare fiyatı 1,25 $:

5,20496912 metrekare * 1,25 $/metrekare = 6,5062114 $

Zemin sökme maliyeti 50 $:

Toplam maliyet = 50 $ + 6,5062114 $ = 56,51 $

Zemini değiştirmek Tom'a yaklaşık 56,51 dolara mal olmuştur."
1055,medium,1,72 ons \times 0.75 ons = 9 ons çay,54.0,9.0,45.0,Artemis bir parti için çay yapıyor. Annesinin 8 onsluk bir fincan çay içtiğini ve bir ons çay kullandığını biliyor. Parti için de aynı oranı kullanacaktır. Partide 12 kişi var ve her biri 6 onsluk bir fincan çay istiyor. Kaç ons çaya ihtiyacı var?,"Her 8 ons çay için 1 ons çay kullanılıyorsa, 6 ons çay için \( \frac{6}{8} = 0.75 \) ons çay kullanılır.

Partide 12 kişi olduğuna göre, toplam çay miktarını bulalım:
12 kişi \times 6 ons = 72 ons çay

72 ons çay için gerekli çay miktarını hesaplamak için:
72 ons \times 0.75 ons = 9 ons çay

Artemis, 12 kişinin ihtiyacını karşılamak için 9 ons çaya ihtiyaç duyacak."
1396,medium,1,Toplanan toplam para: 950 dolar × 4 = 3800 dolar + 1900 dolar = 5700 dolar,3800.0,5700.0,1900.0,"6 öğrenciden oluşan bir grup, yazın Nikaragua'ya gitmek için bir bağış kampanyası düzenledi. Geziye gidebilmeleri için her birinin en az 450 dolara ihtiyacı var. Bunun da ötesinde, çeşitli toplu harcamaları için 3000 dolara ihtiyaçları var. Bağış toplama etkinliklerinin ilk gününde 600 dolar alıyorlar. İkinci gün 900 dolar ve üçüncü gün 400 dolar alırlar. Sonraki 4 gün boyunca, ilk 3 günde topladıkları paranın sadece yarısını alıyorlar. Hedeflerine ulaşmaları için her bir kişinin ne kadar daha para toplaması gerekir?","Öğrencilerin ihtiyacı olan toplam para şöyle hesaplanır:
1. Her öğrencinin ihtiyacı: 450 dolar
2. Toplam 6 öğrenci olduğu için: 450 dolar × 6 = 2700 dolar
3. Ekstra toplu harcamalar: 3000 dolar
4. Toplam ihtiyaç: 2700 dolar + 3000 dolar = 5700 dolar

İlk 3 günde toplanan para:
1. Gün: 600 dolar
2. Gün: 900 dolar
3. Gün: 400 dolar
Toplam: 600 dolar + 900 dolar + 400 dolar = 1900 dolar

Sonraki 4 gün boyunca aldıkları para, ilk 3 günde topladıkları paranın yarısıdır:
Toplanan para (ilk 3 günde): 1900 dolar
Sonraki 4 gün boyunca alınan para: 1900 dolar ÷ 2 = 950 dolar
Toplanan toplam para: 950 dolar × 4 = 3800 dolar + 1900 dolar = 5700 dolar

Bu durumda toplam ihtiyaçları olan 5700 doları toplamış oluyorlar. Yani, daha fazla para toplamalarına gerek yok. Her biri hedeflerine ulaşmış durumda."
1399,medium,1,20 yard × 0.9144 = 18.288 metre,18.288,18288.0,18269.712,"Daniel'in bir tekstil şirketi var. Her Pazartesi 20 yarda kumaş teslim ediyor ve her Salı Pazartesi günü teslim ettiği kumaş miktarının iki katını teslim ediyor. Her Çarşamba, Salı günü teslim ettiği kumaş miktarının 1/4'ünü teslim ediyor. Her bir metre kumaşın maliyeti 2 dolar ve her bir metre ipliğin maliyeti 3 dolarsa, pazartesiden çarşambaya ne kadar kazanır?","Her Pazartesi Daniel'in teslim ettiği 20 yarda kumaşı öncelikle metreye çevirelim. 1 yard, yaklaşık 0.9144 metre olduğuna göre:

20 yard × 0.9144 = 18.288 metre

Pazartesi teslim edilen kumaş: 18.288 metre

Her Salı bu miktarın iki katını teslim ediyor:

18.288 metre × 2 = 36.576 metre

Her Çarşamba, Salı günü teslim edilen miktarın 1/4'ünü teslim ediyor:

36.576 metre ÷ 4 = 9.144 metre

Toplam teslim edilen kumaş miktarı:

Pazartesi: 18.288 metre
Salı: 36.576 metre
Çarşamba: 9.144 metre

Toplam: 18.288 + 36.576 + 9.144 = 64.008 metre

Her bir metre kumaşın maliyeti 2 dolar olduğuna göre, toplam maliyet:

64.008 metre × 2 dolar/metre = 128.016 dolar

Daniel'in maliyeti 128.016 dolardır. Kazancı maliyetten çıkarıldığı için her bir parçanın satılmasıyla ilgili veri vermeniz gerekebilir. Çünkü, kar hesaplanabilmesi için satışta elde edilen gelir bilgisi olmalıdır. Ancak, sadece kumaş maliyetini sordunuz ve bu da 128.016 dolardır."
1452,medium,1,250 mil * 1 dolar/mil + 100 dolar (haftalık ücret) = 350 dolar.,2.5,350.0,347.5,"Tom bir araba kiralamaya karar verir.  Pazartesi, Çarşamba ve Cuma günleri 50 mil, Pazar günü ise 100 mil yol yapar.  Sürdüğü her mil başına 1 dolar ödemek zorundadır.  Ayrıca haftalık 100$ ücret ödemesi gerekiyor.  Bir yıl içinde ne kadar ödemesi gerekiyor?","Tom bir haftada 3 gün 50 mil ve 1 gün 100 mil yol yapar. Bu toplamda haftada (3 * 50) + 100 = 250 mil eder. Haftalık maliyet:

250 mil * 1 dolar/mil + 100 dolar (haftalık ücret) = 350 dolar.

Tom bir yılda 52 hafta var, dolayısıyla yıllık maliyet:

52 hafta * 350 dolar/hafta = 18,200 dolar.

Tom, bir yıl içinde toplam 18,200 dolar ödemesi gerekiyor."
1480,low,2,10 + 12 * 5 - Hediyenin maliyeti = 15,70.0,15.0,55.0,"Samanta arkadaşı Marta için bir parti planlamaktadır. Marta'ya bir hediye almak için davet ettiği konuklar arasında biraz para toplamaya karar verdi. Her katılımcı bu amaçla Samanta'ya 5 dolar verdi ve kendisi de 10 dolar koydu. Hediyenin maliyeti beklenenden düşüktü, bu nedenle 15 dolar kalmıştı. Davetli sayısı 12 olsaydı, hediyenin fiyatı ne olurdu?","Eğer toplam 15 dolar artmışsa ve bu, Samanta'nın koyduğu 10 dolarla birlikte, katılımcıların sayısına ve verdikleri paraya eklenirse:

Samanta'nın koyduğu miktar + Katılımcıların koyduğu miktar - Hediyenin maliyeti = 15

10 + 12 * 5 - Hediyenin maliyeti = 15

10 + 60 - Hediyenin maliyeti = 15

70 - Hediyenin maliyeti = 15

Hediyenin maliyeti = 70 - 15

Hediyenin maliyeti = 55 dolar."
1634,low,1,2060 / 15 = 137.33,137.33333333333334,137.33,0.0033333333333303017,"Madeline'in kira ödemek için 1200 dolara, market alışverişi için 400 dolara, sağlık harcamaları için 200 dolara ve kamu hizmetleri için 60 dolara ihtiyacı var. Ayrıca acil bir durum için 200 dolar biriktirmek istiyor. İşinde saat başına 15 dolar kazanıyor. Madeline'in bu ay kaç saat çalışması gerekecek?","Madeline'in toplam ihtiyacı 2060 dolar. Saatte 15 dolar kazanıyorsa, bu miktarı kazanmak için 2060'ı 15'e bölmemiz gerekir.

2060 / 15 = 137.33

Madeline'in bu ay en az 138 saat çalışması gerekecek."
1675,low,1,\( 73.152 \text{ metre} - 50 \text{ metre} = 23.152 \text{ metre}\),73102.0,23152.0,49950.0,"Rodney ve Todd, bir ucu 50 metre genişliğinde olan bir nehirde kürek çekmektedir. Nehrin genişliği bu uçtan itibaren her 10 metrede bir 2 yarda artıyorsa ve nehir boyunca 5 m/s hızla kürek çekiyorlarsa, nehrin 80 yarda genişliğinde olduğu noktaya ulaşmaları (saniye cinsinden) ne kadar sürer?","Öncelikle, nehrin genişliği 50 metreden 80 yardaya nasıl arttığını anlamamız gerekiyor. 1 yarda yaklaşık olarak 0.9144 metredir. Bu durumda, 80 yarda yaklaşık olarak 73.152 metreye eşittir.

Nehirin genişliği her 10 metrede bir 2 yarda (yaklaşık 1.8288 metre) artıyor. Genişliğin 50 metreden 73.152 metreye kadar artması için gereken mesafeyi bulmak gerekiyor.

Artışın toplamı:
\( 73.152 \text{ metre} - 50 \text{ metre} = 23.152 \text{ metre}\)

Bu artış her 10 metrede 1.8288 metre olduğundan dolayı, artışın gerçekleşmesi için gereken toplam mesafe:
\( \frac{23.152 \text{ metre}}{1.8288 \text{ metre}} \times 10 \text{ metre} \approx 126.585 \text{ metre} \)

Bu mesafeyi 5 m/s hızla kürek çektiklerine göre, süre:
\( \frac{126.585 \text{ metre}}{5 \text{ m/s}} \approx 25.317 \text{ saniye} \)

Rodney ve Todd'un nehrin 80 yarda genişliğinde olduğu noktaya ulaşmaları yaklaşık 25.32 saniye sürer."
1699,medium,1,"Dolayısıyla, 2 * 38 = 4 * Mikey'nin jelibon sayısı",76.0,4.0,72.0,"Napolyon'un 17 jelibonu vardır ve Sedrich'in Napolyon'dan 4 jelibonu daha fazladır. Napolyon ve Sedrich'in jelibonlarının toplamının iki katı Mikey'nin jelibon sayısının 4 katı ise, Mikey'nin kaç jelibonu vardır?","Napolyon'un 17 jelibonu var ve Sedrich'in Napolyon'dan 4 fazla jelibonu var, bu da Sedrich'in 21 jelibonu olduğu anlamına gelir. Toplamda, Napolyon ve Sedrich'in 17 + 21 = 38 jelibonu var. Bu toplamın iki katı, Mikey'nin jelibon sayısının 4 katı olarak verilmiştir. Dolayısıyla, 2 * 38 = 4 * Mikey'nin jelibon sayısı. Bu denklemi çözersek, Mikey'nin jelibon sayısı 19 olur."
1700,low,2,37 / 10 = 3 kırmızı bilet ve kalan 7 mavi bilet,3.7,3.0,0.7000000000000002,"Tom Sawyer'ın Pazar okulunda yepyeni bir İncil kazanmak için bir öğrencinin 10 sarı bilet kazanması gerekir; her sarı bilet 10 kırmızı biletle takas edilerek elde edilir; her kırmızı bilet 10 mavi biletle takas edilerek elde edilir; ve mavi biletler iki İncil ayeti ezberleyerek kazanılır. Ancak Tom Sawyer bu kadar zahmete girmek yerine, 8 sarı, 3 kırmızı ve 7 mavi bilet toplayana kadar çeşitli oyuncaklarını ve hazinelerini arkadaşlarıyla takas etmiştir. Yeni bir Kutsal Kitap kazanmak için daha kaç mavi bilet kazanması gerekir?","Yeni bir İncil kazanmak için Tom Sawyer'ın 10 sarı bilete ihtiyacı var. Tom'un hali hazırda sahip olduğu biletler:
- 8 sarı bilet
- 3 kırmızı bilet
- 7 mavi bilet

1 sarı bilet için 10 kırmızı bilet, 1 kırmızı bilet için 10 mavi bilet gerekiyor. Öncelikle Tom'un elindeki biletlerin toplamını sarı bilet cinsinden hesaplayalım.

1 kırmızı bilet 10 mavi bilete eşit olduğuna göre:
3 kırmızı bilet = 3 x 10 = 30 mavi bilet

Toplam mavi bilet sayısı:
30 (kırmızı biletten) + 7 (elinde var) = 37 mavi bilet

Kırmızı bilete çevrildiğinde:
37 / 10 = 3 kırmızı bilet ve kalan 7 mavi bilet

Elindeki toplam kırmızı bilet sayısı:
3 (kırmızı bilet) + 3 (yeni çevirdiği) = 6 kırmızı bilet

Geçerli sarı bilet:
6 kırmızı bilet / 10 = 0 sarı bilet ve kalan 6 kırmızı bilet

Toplam sarı bilet sayısı:
8 (elinde var) + 0 (yeniden kazandığı) = 8 sarı bilet

Yeni bir İncil kazanmak için 2 sarı bilete daha ihtiyacı var. Bu da şu anlama geliyor:
2 sarı bilet = 2 x 10 kırmızı bilet = 20 kırmızı bilet
20 kırmızı bilet = 20 x 10 mavi bilet = 200 mavi bilet daha gerekiyor.

Sonuç olarak, Tom Sawyer'ın yeni bir İncil kazanabilmesi için 200 mavi bilet daha getirmesi gerekiyor."
1769,medium,1,"Jon, Karen'ın maaşının 3/4'ünü aldığına göre, Karen'ın aylık maaşı = 3000 / (3/4) = 3000 * (4/3) = 4000 dolar",0.75,4000.0,3999.25,"Jon, Karen'ın aldığı maaşın 3/4'ünü alıyor. John ayda 3000 dolar kazanıyor. Karen'ın 3 ayda kazandığı parayı kazanması ne kadar sürer?","Karen'ın aylık maaşını hesaplayalım:

Jon'un maaşı = 3000 dolar
Jon, Karen'ın maaşının 3/4'ünü aldığına göre, Karen'ın aylık maaşı = 3000 / (3/4) = 3000 * (4/3) = 4000 dolar

Karen 3 ayda kazanır:
3 * 4000 = 12000 dolar

Jon'un 12000 doları kazanması için gereken süre:
12000 / 3000 = 4 ay

Jon'un, Karen'ın 3 ayda kazandığı parayı kazanması 4 ay sürer."
1807,medium,1,4 kitap * 2.50 dolar/kitap + 6 kitap * 2 dolar/kitap = 10 dolar + 12 dolar = 22 dolar,3.3333333333333335,22.0,18.666666666666668,"Okulda her yıl öğrencilerin eski kitaplarını daha ucuza satabilecekleri bir kitap satışı düzenlenir. Lovely'nin kitaplarının beşte ikisi tanesi 2,50 dolardan, geri kalanı ise tanesi 2 dolardan satılabilir. Eğer 10 kitabın tamamı satılırsa Lovely ne kadar kazanacaktır?","Lovely 10 kitabın tamamını satarsa, toplamda 21 dolar kazanacaktır.

Her biri 2.50 dolardan satılan kitapların sayısı: 10 kitabın beşte ikisi = 4 kitap
Her biri 2 dolardan satılan kitapların sayısı: 10 kitabın geri kalanı = 6 kitap

Toplam kazanç:
4 kitap * 2.50 dolar/kitap + 6 kitap * 2 dolar/kitap = 10 dolar + 12 dolar = 22 dolar"
1948,low,1,50 kaşık / 30 = yaklaşık 1.67.,1.6666666666666667,1.67,0.0033333333333331883,"John mutfak eşyaları almaya karar verir.  Bıçaklar, çatallar ve kaşıklar eşit sayıda 30 paket halinde gelir.  Eğer 50 kaşık istiyorsa kaç paket satın alması gerekir?","50 kaşık istiyorsa, her pakette eşit sayıda bıçak, çatal ve kaşık olduğunu göz önünde bulundurursak, 50 kaşık için önce bir pakette kaç kaşık olduğunu hesaplamamız gerekir.

Toplamda 30 paket olduğunu ve her pakette eşit sayıda kaşık olduğunu bildiğimize göre:
50 kaşık / 30 = yaklaşık 1.67.

Bu tam paket sayısı olmadığı için tam sayı hesaplamalıyız:
2 paket gerekiyor."
2006,low,1,Kyle'ın parası = 46 / 3 = 15.33 dolardan azdır.,15.333333333333334,15.33,0.0033333333333338544,"Kyle'ın 12 doları Dave'in 3 katından az. Kyle bu paranın üçte birini snowboard yapmak için harcıyor. Dave'in 46 doları varsa, Kyle'ın ne kadar parası vardır?","Kyle'ın 12 doları Dave'in 3 katından az olduğuna göre, Dave'in 46 doları varsa:

Kyle'ın parası = 46 / 3 = 15.33 dolardan azdır.

Kyle'ın parası 15.33 dolardan az olduğuna göre, maksimum 15.33 dolar olabilir.

Kyle bu paranın üçte birini snowboard yapmak için harcıyor:

Harcadığı miktar = 15.33 / 3 ≈ 5.11 dolardır.

Kyle'ın kalan parası = 15.33 - 5.11 ≈ 10.22 dolardır.

Dolayısıyla, Kyle'ın yaklaşık 10.22 doları vardır."
2089,medium,1,"Emily'nin evi okula 98 metre uzaklıkta olduğuna göre, bir gidiş-dönüş 2 × 98 = 196 metre eder",-98.0,196.0,294.0,"Troy'un evi okula 75 metre, Emily'nin evi ise 98 metre uzaklıktadır. Troy ve Emily her gün okula ve eve yürüyerek gidip geliyorlar. Emily beş günde okula gidip gelirken ne kadar yol yürür?","Emily'nin evi okula 98 metre uzaklıkta olduğuna göre, bir gidiş-dönüş 2 × 98 = 196 metre eder. Beş günde toplam yürüyeceği mesafe 5 × 196 = 980 metredir."
2166,medium,1,1/2 * taban * yükseklik = 24,0.5,24.0,23.5,Tabanı ve yüksekliği verilen bir üçgenin alanı 1/2*taban*yükseklik ile verilir. Yüksekliği 8 ve alanı 24 birim kare olan bir üçgenin taban uzunluğu nedir?,"Taban uzunluğunu bulmak için verilen alan formülünü kullanabiliriz. Üçgenin alanı:

1/2 * taban * yükseklik = 24

Yüksekliği 8 birim olarak verilmiş. Bu durumda denklem şöyle olur:

1/2 * taban * 8 = 24

Öncelikle 1/2 ve 8'i çarparız:

4 * taban = 24

Taban uzunluğunu bulmak için her iki tarafı 4'e böleriz:

taban = 24 / 4
taban = 6

Üçgenin taban uzunluğu 6 birimdir."
2198,medium,1,Niklaus: 1287 fit * 0.3048 metre/fit = 392.976 metre,392.2776,392976.0,392583.7224,Lionel 4 mil yürüdü. Esther 975 metre ve Niklaus 1287 fit yürümüştür. Arkadaşlar toplam kaç metre yürümüşlerdir?,"Öncelikle, her birimin metreye çevrilmesi gerekiyor:

Lionel: 4 mil * 1609.34 metre/mil = 6437.36 metre
Esther: 975 metre
Niklaus: 1287 fit * 0.3048 metre/fit = 392.976 metre

Şimdi toplam yürüdükleri mesafeyi hesaplayalım:

6437.36 metre + 975 metre + 392.976 metre = 7805.336 metre

Arkadaşlar toplam 7805.336 metre yürümüşlerdir."
2287,medium,1,1. Süpermarkete gidiş-dönüş mesafesi: 5 mil gidiş + 5 mil dönüş = 10 mil,1.0,10.0,9.0,"Bobby'nin kamyonuyla bazı yolculuklar yapması gerekiyordu ve sadece 12 galon benzini vardı. Arabayla 5 mil ötedeki bir süpermarkete gitti ve sonra eve döndü. Daha sonra 6 mil uzaklıktaki çiftliğine doğru yola çıktı. Yolculuğun iki mil ilerisinde geri döndü ve daha önce almayı unuttuğu bazı tarım aletlerini almak için eve geri döndü ve çiftliğe gitti. Şu anda tam olarak 2 galon benzini kaldıysa, kamyonu galon başına mil cinsinden hangi oranda benzin tüketmiştir?","Toplam gidilen mesafeyi ve tüketilen yakıt miktarını öğrenelim:

1. Süpermarkete gidiş-dönüş mesafesi: 5 mil gidiş + 5 mil dönüş = 10 mil
2. Çiftliğe giderken: 6 mil
3. İki mil ilerleyip geri dönme ve eve geri dönme: 2 mil gidiş + 2 mil dönüş = 4 mil
4. Çiftliğe tekrar gitme: 6 mil

Toplam mesafe:
10 mil + 6 mil + 4 mil + 6 mil = 26 mil

Başlangıçta Bobby'nin 12 galon benzini vardı, şu anda 2 galonu kaldı.
Harcanan benzin: 12 galon - 2 galon = 10 galon

Kamyonun benzin tüketimi: 26 mil / 10 galon = 2.6 mil/galon

Sonuç olarak, kamyon galon başına 2.6 mil yol almıştır."
2379,low,1,\[ \frac{30 \times 5}{12} = \textbf{12} \],12.5,12.0,0.5,"30 üyesi olan bir kulüp meyve suyu siparişi verdi. Üyelerin beşte ikisi limon suyu sipariş etmiştir. Kalan üyelerin üçte biri mango suyu, geri kalanı ise portakal suyu sipariş etti. Kaç üye portakal suyu sipariş etmiştir?","Öncelikle, limon suyu sipariş eden üyelerin sayısını bulalım:

\[ \frac{30 \times 5}{12} = \textbf{12} \]

Geriye kalan üye sayısı:

\[ 30 - 12 = \textbf{18} \]

Bu 18 üyenin üçte biri mango suyu sipariş etmiştir:

\[ \frac{18}{3} = \textbf{6} \]

Geri kalan üyeler portakal suyu sipariş etmiştir. Bu yüzden portakal suyu sipariş eden üye sayısı:

\[ 18 - 6 = \textbf{12} \]

Sonuç olarak, 12 üye portakal suyu sipariş etmiştir."
2481,medium,1,48.768 metre / 5 metre/saniye = 9.7536 saniye,9753.6,9.7536,9743.8464,"Belinda bir topu 20 feet/saniye hızla fırlatabilir. Top yere çarpmadan önce 8 saniye uçarsa ve Belinda'nın border collie cinsi köpeği saniyede 5 metre koşabiliyorsa, border collie cinsi köpeğin topa yetişmesi kaç saniye sürer?","Top 8 saniye boyunca uçacak. Bu süre zarfında border collie topa yetişmek için koşacaktır.

1 feet = 0.3048 metre
20 feet/saniye = 20 * 0.3048 metre/saniye = 6.096 metre/saniye

Topun toplam mesafesi:
6.096 metre/saniye * 8 saniye = 48.768 metre

Border collie'nin koşma süresi:
48.768 metre / 5 metre/saniye = 9.7536 saniye

Border collie’nin topa yetişmesi 9.7536 saniye sürer. Ancak, top 8 saniye uçuş süresine sahiptir, bu yüzden köpek top yere inmeden ona yetişemez."
2570,medium,1,- Gerekli toplam boya miktarı: 2000 nokta * 10 ml/10 = 20000 ml,2000.0,20000.0,18000.0,Jenna bir grup beyaz bluza siyah noktalar ekliyor. Her bluzda 20 nokta var ve her nokta için 10 ml siyah boya gerekiyor. Jenna'nın 100 bluzu boyamak için kaç tane 400 ml'lik boya şişesi satın alması gerekir?,"Jenna'nın 100 bluzu boyamak için 5 şişe boya alması gerekiyor.

Hesaplama:
- Toplam nokta sayısı: 100 bluz * 20 nokta/bluz = 2000 nokta
- Gerekli toplam boya miktarı: 2000 nokta * 10 ml/10 = 20000 ml
- Boya şişesi kapasitesi: 400 ml
- Gerekli şişe sayısı: 20000 ml ÷ 400 ml/şişe = 50 şişe"
2768,low,1,"Her portakalın satın alma maliyeti 12,50$ / 25 portakal = 50 cent.",0.5,50.0,49.5,"Joshua 12,50$'a 25 portakal satın aldı. Her birini 60c'ye satarsa, her bir portakaldan sent cinsinden ne kadar kâr eder?","Her portakalın satın alma maliyeti 12,50$ / 25 portakal = 50 cent.

Satış fiyatı 60 cent olduğundan, kâr = satış fiyatı - maliyet = 60 cent - 50 cent = 10 cent.

Joshua her bir portakaldan 10 cent kâr eder."
2850,low,1,Andy harçlığı ile 16 / 7 = 2 şekerleme daha alır.,2.2857142857142856,2.0,0.2857142857142856,"Andy yediği her 4 şekerleme için bir çürük alır. Anne ve babasından 2'şer, 4 öğretmeninden de 3'er baston şeker alıyor. Sonra harçlığını kullanarak kendisine verilenin 1/7'si kadar şekerleme alıyor. Tüm şekerleri yediği için kaç tane çürüğü olur?","Anne ve babasından toplam 2 * 2 = 4 şekerleme alır.
4 öğretmeninden toplam 4 * 3 = 12 şekerleme alır.
Kendisine verilen toplam şekerleme miktarı 4 + 12 = 16'dır.
Andy harçlığı ile 16 / 7 = 2 şekerleme daha alır.
Toplam şekerleme miktarı 16 + 2 = 18 olur.
4 şekerleme başına bir çürük aldığına göre, 18 şekerlemede 18 / 4 = 4 çürüğü olur (kalan şekerler yeni çürük yapmaz).

Andy'nin toplam 4 çürüğü olacaktır."
2900,low,1,130 ÷ 12 = 10 kasa (kişi başına 120 şişe) ve 10 şişe artacak.,10.833333333333334,10.0,0.8333333333333339,Joshua her kasaya 12 şişe koyuyor. Toplam 130 şişesi ve 10 sandığı var. Bir kasaya kaç şişe yerleştirilmeyecektir?,"Joshua, her kasaya 12 şişe koyuyorsa ve toplamda 130 şişesi varsa, kaç şişe yerleştirilmeyeceğini bulalım. İlk olarak 130 şişeyi 12'ye bölerek kaç kasanın tamamen dolacağını ve kaç şişenin artacağını hesaplayalım:

130 ÷ 12 = 10 kasa (kişi başına 120 şişe) ve 10 şişe artacak.

Bu durumda, tamamen dolmayan kasaya yerleştirilmeyecek olan şişe miktarı 10 olacaktır."
3001,medium,1,300$ * (5/4) = 3/8 ödül,375.0,0.375,374.625,Rica'nın grubu bir dans yarışmasını kazandı. Ödül parasının 3/8'ini aldı. Rica ödül parasının 1/5'ini harcadı ve şimdi elinde 300$ kaldı. Grubunun kazandığı para ödülü ne kadardı?,"Rica'nın kalan parası 300$ ise ve bu, ödülün 3/8'inin 4/5'ine eşitse, hesaplama şu şekildedir:

Önce Rica'nın aldığı miktarı bulalım:
300$ = (3/8 ödül) * (4/5)

Öncelikle 4/5'i tersten çevirip iki tarafı da çarparak birleştirelim:
300$ * (5/4) = 3/8 ödül

Bu 375$ eder:
375$ = 3/8 ödül

Şimdi ödülün tamamını bulmak için 375$'ı 3/8'e bölelim:
375$ * (8/3) = ödül

Bu da 1000$ eder:
ödül = 1000$

Grubunun kazandığı para ödülü 1000$'dır."
3046,medium,1,1000 - 100 = 2 * Nada'nın evinin alanı,900.0,2.0,898.0,"Sara'nın evi Nada'nın evinin 2 katından 100 feet kare daha büyüktür. Sara'nın evi 1000 feet kare ise, Nada'nın evi kaç feet karedir?","Sara'nın evinin alanı 1000 feet kare olduğuna göre denklemi kurabiliriz:

Sara'nın evinin alanı = 2 * Nada'nın evinin alanı + 100

1000 = 2 * Nada'nın evinin alanı + 100

1000 - 100 = 2 * Nada'nın evinin alanı

900 = 2 * Nada'nın evinin alanı

Nada'nın evinin alanı = 900 / 2 = 450 feet kare

Nada'nın evinin alanı 450 feet karedir."
3381,medium,2,72 \times \frac{3}{8} = 72 \times 0.375 = 27,27.0,27000.0,26973.0,"Nunzio her gün öğle yemeğinde üç parça pizza yiyor.  Bir parça pizza tüm pastanın sekizde birini temsil ediyorsa, Nunzio 72 günde kaç pizza yer?","Nunzio bir günde üç parça pizza yiyor ve her parça pizza tüm pizzanın sekizde biri ise, Nunzio bir günde \( \frac{3}{8} \) pizza yer.

72 günde yediği pizza miktarını bulmak için \( 72 \times \frac{3}{8} \) hesaplayalım:

\[
72 \times \frac{3}{8} = 72 \times 0.375 = 27
\]

Bu durumda, Nunzio 72 günde 27 pizza yer."
3441,medium,1,2 * 81 = 78 + İkinci sınav notu,162.0,78.0,84.0,Brittany ilk testinde 78 aldı. İkinci sınavından sonra ortalaması 81'e yükseldi. İkinci sınavından kaç not aldı?,"Brittany'nin ikinci sınavındaki notunu bulmak için ortalama hesaplama formülünü kullanabiliriz.

Ortalama = (Birinci sınav notu + İkinci sınav notu) / 2

Brittany'nin ortalaması 81 olduğuna göre:
81 = (78 + İkinci sınav notu) / 2

Bu denklemi çözmek için, önce her iki tarafı 2 ile çarpalım:
2 * 81 = 78 + İkinci sınav notu
162 = 78 + İkinci sınav notu

Şimdi 78'i çıkaralım:
162 - 78 = İkinci sınav notu
84 = İkinci sınav notu

Brittany'nin ikinci sınav notu 84'tür."
3458,medium,1,\[ A_3 = \frac{N + A_1 + A_2}{3} = \frac{10 + 5 + 12}{3} = \frac{27}{3} = 9 \],19.0,9.0,10.0,"Nicole'un üç ablası var. Her biri kıyafetlerini eskittikten sonra, onları Nicole'e verirler. Hepsi kıyafetlerini eskitti ve hepsini Nicole'e verdiler. Nicole 10 parça giysi ile başladı. İlk ablasının Nicole'ün yarısı kadar kıyafeti vardı. Sonraki en büyük ablanın Nicole'den 2 parça daha fazla giysisi vardı. En büyük abla, üç küçük kız kardeşinin sahip olduklarının ortalamasına sahipti. Nicole'ün sonunda kaç parça giysisi olur?","Öncelikle, Nicole'ün başlangıçta 10 parça giysisi olduğunu belirledik.

İlk ablasının Nicole'ün yarısı kadar giysisi vardı:
\[ A_1 = 10 / 2 = 5 \]

Sonraki ablanın Nicole'den 2 parça daha fazla giysisi vardı:
\[ A_2 = 10 + 2 = 12 \]

En büyük abla, üç küçük kız kardeşinin sahip olduklarının ortalamasına sahipti. Yani:
\[ A_3 = \frac{N + A_1 + A_2}{3} = \frac{10 + 5 + 12}{3} = \frac{27}{3} = 9 \]

Şimdi hepsi kıyafetlerini eskittikten sonra giysilerini Nicole'e veriyor:
\[ Toplam Giysi = N + A_1 + A_2 + A_3 \]
\[ Toplam Giysi = 10 + 5 + 12 + 9 = 36 \]

Dolayısıyla Nicole'ün sonunda 36 parça giysisi olur."
3465,medium,1,- İlk 10 sayfadaki pullar + geri kalan 40 sayfadaki pullar = 1500 pul + 2000 pul = 3500 pul,50.0,3500.0,3450.0,Stella pul koleksiyonu yapıyor. Koleksiyon albümünde 50 sayfa saydı. Albümünün ilk 10 sayfasının her birinde 30 puldan oluşan 5 sıra var. Geri kalan sayfaların her birinde 50 pul var. Stella'nın albümünde kaç pul vardır?,"Stella'nın albümünde toplamda kaç pul olduğuna bakalım.

İlk olarak, albümün ilk 10 sayfasındaki pulları hesaplayalım:
- İlk 10 sayfanın her birinde 30 puldan oluşan 5 sıra var:
  - 10 sayfa * 5 sıra/sayfa * 30 pul/sıra = 1500 pul

Geri kalan 40 sayfanın her birinde 50 pul var:
- 40 sayfa * 50 pul/sayfa = 2000 pul

Toplamda:
- İlk 10 sayfadaki pullar + geri kalan 40 sayfadaki pullar = 1500 pul + 2000 pul = 3500 pul

Sonuç olarak, Stella'nın albümünde toplam 3500 pul vardır."
3567,low,1,"36,25 dolar / 4 litre = 9,06 dolar/litre",9.0625,9.06,0.0024999999999995026,"Scott büyük bir parti ratatouille yapmak ve dondurmak istiyor.  Çiftçi pazarından kilosu 2,00 dolardan 5 kilo patlıcan ve 4 kilo kabak satın alır.  Kilosu 3,50 dolar olan 4 kilo domatese ihtiyacı var.  Soğanın kilosu 1,00 dolar ve 3 kiloya ihtiyacı var.  Sonra yarım kilosu 2,50 dolara satılan yarım kilo fesleğene ihtiyacı var.  Eğer bu üründen 4 litre elde ederse, her bir litre ne kadara mal olur?","Scott'un patlıcan, kabak, domates, soğan ve fesleğen için harcadığı toplam tutarı hesaplayalım:

- Patlıcanın maliyeti: 5 kilo x 2,00 dolar/kilo = 10,00 dolar
- Kabağın maliyeti: 4 kilo x 2,00 dolar/kilo = 8,00 dolar
- Domatesin maliyeti: 4 kilo x 3,50 dolar/kilo = 14,00 dolar
- Soğanın maliyeti: 3 kilo x 1,00 dolar/kilo = 3,00 dolar
- Fesleğenin maliyeti: 0.5 kilo x 2,50 dolar/kilo = 1,25 dolar

Toplam maliyet: 10,00 dolar + 8,00 dolar + 14,00 dolar + 3,00 dolar + 1,25 dolar = 36,25 dolar

Scott, bu malzemelerle 4 litre ratatouille elde ederse, her bir litre maliyeti:

36,25 dolar / 4 litre = 9,06 dolar/litre

Yani, her bir litre ratatouille 9,06 dolara mal olur."
3698,low,4,- Kırmızı: 80 / 9 = 8 buket (kalan çiçekler hesaba katılmıyor),8.88888888888889,8.0,0.8888888888888893,"Bir çiçekçi hafta sonu için buketler hazırlıyor. Çiçekçi kırmızı, sarı, turuncu ve mor çiçekler kullanıyor ve her buket her renk kombinasyonundan 9 çiçek içeriyor. Bu hafta her bir çiçek rengi için 125 tohum ekti. Ne yazık ki bir mantar 45 kırmızı, 61 sarı, 30 turuncu ve 40 mor çiçeği öldürdü. Çiçekçi bu hafta sonu kaç buket yapabilir?","Çiçekçi başlangıçta her renkten 125 çiçek yetiştirmişti. Mantar nedeniyle kaybedilen çiçek miktarını çıkaralım:

- Kırmızı: 125 - 45 = 80 çiçek
- Sarı: 125 - 61 = 64 çiçek
- Turuncu: 125 - 30 = 95 çiçek
- Mor: 125 - 40 = 85 çiçek

Her bukette 9 çiçekten 4 renk olduğu için, her renkten 9 çiçek gereklidir. Buket sayısını hesaplayalım:

- Kırmızı: 80 / 9 = 8 buket (kalan çiçekler hesaba katılmıyor)
- Sarı: 64 / 9 = 7 buket
- Turuncu: 95 / 9 = 10 buket
- Mor: 85 / 9 = 9 buket

En az sayıda buket yapılmasına izin veren renk, sarıdır. Bu yüzden bu hafta sonu yapılabilecek maksimum buket sayısı 7'dir. Çiçekçi bu hafta sonu 7 buket yapabilir."
3742,medium,3,"- Parfümler: 6 ons / 16 ons/pound = 0,375 pound",0.375,375.0,374.625,"Jacque Fransa'ya vardığında valizi 5 pound ağırlığındaydı.  Fransa'dayken her biri 1,2 ons ağırlığında 5 şişe parfüm, 4 kilo çikolata, her biri 5 ons ağırlığında 2 kalıp sabun ve her biri 8 ons ağırlığında 2 kavanoz reçel aldı.  16 onsun 1 pound ile aynı olduğu düşünülürse, Jacque'ın bavulunun eve dönüş uçağındaki ağırlığı ne kadardır?","Başlangıçta, Jacque'ın valizi 5 pound ağırlığındaydı. Fransa'da kazandığı eşyalardan gelen toplam ağırlığı hesaplayalım.

1. Parfümler: 5 şişe × 1,2 ons/şişe = 6 ons
2. Çikolata: 4 kilogram çikolata
   - Kilogramları pounda çevirelim: 4 kilogram × 2,20462 pound/kilogram ≈ 8,81848 pound
3. Sabunlar: 2 kalıp × 5 ons/kalıp = 10 ons
4. Reçel: 2 kavanoz × 8 ons/kavanoz = 16 ons

Onsları pounda çevirelim:
- Parfümler: 6 ons / 16 ons/pound = 0,375 pound
- Sabunlar: 10 ons / 16 ons/pound = 0,625 pound
- Reçel: 16 ons / 16 ons/pound = 1 pound

Şimdi, tüm ağırlıkları toplayalım:
- Başlangıç: 5 pound
- Parfümler: 0,375 pound
- Çikolata: 8,81848 pound
- Sabunlar: 0,625 pound
- Reçel: 1 pound

Toplam ağırlık:
5 + 0,375 + 8,81848 + 0,625 + 1 = 15,81848 pound

Jacque'ın valizinin eve dönüş uçağındaki ağırlığı yaklaşık 15,82 pound olacaktır."
3764,medium,1,\( \frac{6+3}{3} = 3 \),7.0,3.0,4.0,"Sam bir günde 6 hayvan avlıyor. Rob, Sam'in yarısı kadar hayvan avlıyor. Mark, Rob ve Sam'in avladıklarının toplamının 1/3'ünü avlıyor. Eğer Peter, Mark'ın avladığının 3 katı kadar hayvan avlıyorsa, hepsi bir günde kaç hayvan avlar?","Sam bir günde 6 hayvan avlıyor.
Rob, Sam'in yarısı kadar, yani 3 hayvan avlıyor.
Mark, Sam ve Rob'un toplamının 1/3'ünü avlıyor:
\( \frac{6+3}{3} = 3 \)

Peter, Mark'ın avladığının 3 katını avlıyor:
\( 3 \times 3 = 9 \)

Hepsi bir günde toplam:
6 (Sam) + 3 (Rob) + 3 (Mark) + 9 (Peter) = 21 hayvan avlar."
3868,low,1,"Yani isabet sayısı 50 / 3 = 16.67 olacak fakat isabet sayısı tam sayı olmak zorunda, oyunla ilgili yanlış veri olabilir",16.666666666666668,16.67,0.0033333333333338544,"Bir MLB oyununda isabet sayısının üç katı kadar ıska vardır. Eğer ıskalama sayısı 50 ise, oyunda kaç isabet ve ıska yapılır?","Eğer ıskalama sayısı 50 ise, bu sayının üçte biri kadarı isabet sayısı olur. Yani isabet sayısı 50 / 3 = 16.67 olacak fakat isabet sayısı tam sayı olmak zorunda, oyunla ilgili yanlış veri olabilir. Eğer tam sayı olması gerekirse, tekrar gözden geçirmek lazım. Ama verilen bilgilere göre 16 isabet olabilir."
3992,low,2,En büyük oğlu için giriş başına maliyet 100 dolar / 35 ziyaret = 2.86 dolardır.,2.857142857142857,2.86,0.0028571428571426694,"Patrick, oğullarının her birine yerel eğlence parkını istedikleri sıklıkta ziyaret edebilmeleri için birer sezonluk giriş kartı satın alır.  Biletlerin her biri 100.00 dolardı.  En büyük oğlu yaz boyunca parka 35 kez, en küçüğü ise 15 kez gitmiştir.  Parka gidiş başına maliyet ne kadardı?","En büyük oğlu için giriş başına maliyet 100 dolar / 35 ziyaret = 2.86 dolardır.

En küçük oğlu için giriş başına maliyet 100 dolar / 15 ziyaret = 6.67 dolardır."
4074,low,1,"15 + 3 = 2 * Candy,",18.0,2.0,16.0,"Calen'in başlangıçta Caleb'den 5 daha fazla kalemi vardı ve Caleb'in Candy'nin iki katından 3 daha az kalemi var.  Calen 10 kalem kaybettiyse ve elinde 10 kalem kaldıysa, Candy'nin kaç kalemi vardır?","Calen'in başlangıçta 10 + 10 = 20 kalemi vardı.

Calen'in başlangıçta Caleb'den 5 daha fazla kalemi olduğuna göre, Caleb’in başlangıçta 20 - 5 = 15 kalemi vardı.

Caleb’in kalem sayısı Candy'nin iki katından üç daha az olduğu için bu, şu denklemi oluşturur:
15 = 2 * Candy - 3.

Bu denklemi çözerek Candy'nin kalem sayısını bulabiliriz.
15 + 3 = 2 * Candy,
18 = 2 * Candy,
Candy = 18 / 2,
Candy = 9.

Candy'nin 9 kalemi vardır."
4159,low,1,- İkinci kutuda (33$ / 99 kontak) = 0.33$ per kontak.,0.3333333333333333,0.33,0.0033333333333332993,"Adrian iki kutu kontak arasında seçim yapmak zorunda.  Birinde 25$'a 50 kontak, diğerinde ise 33$'a 99 kontak vardır. Her bir kontak başına daha az maliyetli olan kutuyu seçer.  Satın almaya karar verdiği kutuda 1$ değerinde kaç kontak olması gerekir?","Her bir kontak başına maliyeti hesaplayalım:
- İlk kutuda (25$ / 50 kontak) = 0.50$ per kontak.
- İkinci kutuda (33$ / 99 kontak) = 0.33$ per kontak.

Kontak başına daha az maliyetli olan kutu ikinci kutudur.

İkinci kutuda 1$ değerinde kaç kontak olduğunu hesaplayalım:
(1$ / 0.33$ per kontak) ≈ 3 kontak.

Adrian, ikinci kutudan satın aldığında her 1$ değerinde yaklaşık 3 kontak alır."
4186,medium,1,- Erkek oy sayısı: 120 * 0.675 = 81,81000.0,81.0,80919.0,"June sınıf başkanlığı için yarışıyor.  Kazanmak için oyların %50'sinden biraz fazlasına ihtiyacı var.  Okulda 200 öğrenci var.  Öğrencilerin %60'ı erkek, geri kalanı ise kız.  Erkeklerin %67,5'inin oyunu alırsa, seçimi kazanmak için alması gereken en küçük kız oy yüzdesi nedir?","Öncelikle toplam 200 öğrencinin %60'ı erkek, geri kalanı kızdır:
- Erkek öğrenci sayısı: 200 * 0.60 = 120
- Kız öğrenci sayısı: 200 * 0.40 = 80

June, erkek öğrencilerin %67.5'inin oyunu alırsa:
- Erkek oy sayısı: 120 * 0.675 = 81

Seçimi kazanmak için June'un alması gereken oy sayısı, 200 oy'un %50'sinden biraz fazlası, yani en az 101 oy:
- Gerekli toplam oy sayısı: 101

June'un şu an sahip olduğu oy sayısı 81 olduğuna göre, kızlardan alması gereken oy sayısı şöyle hesaplanır:
- Kızlardan alması gereken oy sayısı: 101 - 81 = 20

Kız öğrenci sayısı 80 olduğundan, alması gereken en küçük kız oy yüzdesi:
- Gerekli kız oy yüzdesi: (20 / 80) * 100 = 25%

Sonuç olarak, seçimi kazanmak için June'un kız öğrencilerin en az %25'inin oyunu alması gerekir."
4190,medium,2,- Toplam sıvı: 8.05 + 0.447 + 0.5 = 9 ons,455.55,9.0,446.55,"Adonis, şampuanını acı sosla değiştirerek babasına bir şaka yapıyor. Her gün babası duş aldıktan sonra Adonis şampuanın yerine 1/2 ons acı sos koyuyor. Babasının kimsenin kullanmadığı 10 oz'luk yeni bir şişeden günde 1 oz şampuan kullandığını biliyor. 4 gün sonra, şişedeki sıvının yüzde kaçı acı sostur?","Şişede başlangıçta 10 ons şampuan var ve her gün 1 ons şampuan tüketiliyor. Adonis her gün babası duş aldıktan sonra şişeye 1/2 ons acı sos ekliyor.

Her gün, toplam 1 ons sıvı tüketildikten sonra şişenin içeriği şu şekildedir:

Gün 1:
- Şişede kalan şampuan: 10 - 1 = 9 ons
- Eklendi: 1/2 ons acı sos
- Toplam sıvı: 9 + 1/2 = 9.5 ons
- Acı sos oranı (ilk gün sadece 1/2 ons): 1/2 / 9.5 ≈ 0.0526

Gün 2:
- 1 ons sıvı tüketildikten sonra şişede kalan sıvının oranı:
  - Şampuan: 9 * (8.5/9.5) ≈ 8.05 ons
  - Acı sos: (1/2) * (8.5/9.5) ≈ 0.447 ons
- Eklendi: 1/2 ons acı sos
- Toplam sıvı: 8.05 + 0.447 + 0.5 = 9 ons
- Acı sos oranı: (0.447 + 0.5) / 9 ≈ 0.105

Gün 3:
- 1 ons sıvı tüketildikten sonra şişede kalan sıvının oranı:
  - Şampuan: 8.05 * (9 -1)/9 ≈ 7.16 ons
  - Acı sos: 0.947 * (9 - 1) / 9 ≈ 0.842 ons
- Eklendi: 1/2 ons acı sos
- Toplam sıvı: 7.16 + 0.842 + 0.5 = 8.5 ons
- Acı sos oranı: (0.842 + 0.5) / 8.5 ≈ 0.1585

Gün 4:
- 1 ons sıvı tüketildikten sonra şişede kalan sıvının oranı:
  - Şampuan: 7.16 * (8.5 - 1) / 8.5 ≈ 6.08 ons
  - Acı sos: 1.34 * (8.5 - 1) / 8.5 ≈ 1.17 ons
- Eklendi: 1/2 ons acı sos
- Toplam sıvı: 6.08 + 1.17 + 0.5 = 7.75 ons
- Acı sos oranı: (1.17 + 0.5) / 7.75 ≈ 0.2155

Sonuç olarak, 4. günün sonunda şişedeki sıvının yaklaşık %21.55'i acı sostur."
4370,medium,1,Bu durumda 100 + 165 + 50 = 215 dolar kaybetmiştir.,315.0,215.0,100.0,Diane arkadaşlarıyla poker oynamaktadır ve şansı pek yaver gitmemektedir. Oyuna 100 dolarla başlar ve 5 el kazanarak 100 dolarına 65 dolar ekler. Cesaretlenerek daha büyük ve daha riskli bahisler oynamaya başlar ve sonunda tüm parasını kaybederek arkadaşlarına 50 dolar borçlanır. Diane toplamda ne kadar para kaybetmiştir?,"Diane toplamda 215 dolar kaybetmiştir. Başlangıçta 100 doları vardı, buna ek olarak 165 dolar kazandı ve sonunda 50 dolar borçlandı. Bu durumda 100 + 165 + 50 = 215 dolar kaybetmiştir."
4434,medium,1,"Takas sonrası Carolyn'in bıçak sayısı 6 - 10 = -4 (bu olanaksız, demek ki hesapta bir yanlışlık var)",-4.0,4.0,8.0,"Carolyn 6 bıçak, 12 çatal ve bıçakların üç katı kadar kaşık içeren bir gümüş takımı satın alır. Sonra arkadaşı 10 bıçağı 6 kaşıkla takas ediyor. Carolyn'in gümüş takımının yüzde kaçı bıçaktır?","Başlangıçta Carolyn'in 6 bıçağı, 12 çatalı ve 18 kaşığı vardır (çünkü 6 bıçağın üç katı 18 kaşıktır). Takas sonrası Carolyn'in bıçak sayısı 6 - 10 = -4 (bu olanaksız, demek ki hesapta bir yanlışlık var). Arkadaşı 10 bıçakla takas edebilir, bu yüzden Carolyn'in başlangıçta daha fazla bıçağı olması gerekmektedir. İlk hata burada fark ediliyor.

Eğer Carolyn başlangıçta daha fazla bıçağa sahip olsaydı, diyelim ki başlangıçta 16 bıçak olsaydı (varsayımsal göz atalım), 12 çatal ve 48 kaşık olacaktı (çünkü kaşık sayısı yine bıçakların üç katıdır). Eğer takas 10 bıçak karşılığında olsaydı:

Carolyn:
Başlangıç: 16 bıçak, 12 çatal, 48 kaşık.
Takas sonrası: 16 - 10 = 6 bıçak, 12 çatal, 48 + 6 = 54 kaşık.

O zaman Carolyn'in toplam eşyaları: 6 bıçak + 12 çatal + 54 kaşık = 72 parça.

Bu durumda, bıçakların yüzde oranı:
(6 bıçak / 72 parça) * 100 = %8.3."
4439,medium,1,Lazlo'nun şekerlemesi: 4 pound - 6 ons = 4 × 16 - 6 = 64 - 6 = 58 ons.,-2.0,58.0,60.0,"Marina'nın 4,5 pound şekerlemesi vardı. Lazlo'nun 4 pound şekerlemeden 6 ons daha az şekerlemesi vardı. Marina'nın Lazlo'dan kaç ons daha fazla şekerlemesi vardı?","1 pound 16 ons olduğuna göre:

Marina'nın şekerlemesi: 4.5 pound = 4.5 × 16 = 72 ons.

Lazlo'nun şekerlemesi: 4 pound - 6 ons = 4 × 16 - 6 = 64 - 6 = 58 ons.

Marina'nın Lazlo'dan kaç ons daha fazla şekerlemesi olduğunu bulmak için: 72 - 58 = 14 ons.

Marina'nın Lazlo'dan 14 ons daha fazla şekerlemesi vardı."
4564,medium,1,- Fen: 90 - \(\frac{1}{3}\) = 90 - 30 = 60,89.66666666666667,60.0,29.66666666666667,"Eva bir yıl içinde iki dönem öğrenim görüyor. 2019'da, ilk dönem matematikten ikinci döneme göre on puan daha fazla, sanattan 15 puan daha az ve fen bilimlerinden ilk dönem ikinci döneme göre 1/3 puan daha az aldı. İkinci yarıyılda matematikten 80, sanattan 90 ve fenden 90 not aldıysa, tüm yarıyıllardaki notlarının toplamı kaçtır?","Eva'nın birinci dönemde aldığı notları hesaplamamız gerekiyor. İkinci dönemde aldığı notlara göre birinci dönemde aldığı notlar şu şekildedir:

- Matematik: 80 + 10 = 90
- Sanat: 90 - 15 = 75
- Fen: 90 - \(\frac{1}{3}\) = 90 - 30 = 60

Tüm test skorlarının toplamını bulalım:

Birinci dönem notları:
- Matematik: 90
- Sanat: 75
- Fen: 60

İkinci dönem notları:
- Matematik: 80
- Sanat: 90
- Fen: 90

Bu notları toplarsak:
- Birinci dönem toplamı: 90 + 75 + 60 = 225
- İkinci dönem toplamı: 80 + 90 + 90 = 260

Tüm notlarının toplamı:
225 + 260 = 485

Buna göre, Eva'nın tüm dönemlerde aldığı notların toplamı 485'tir."
4648,medium,1,10 aşı * 45 dolar/aşı + doktor ziyareti 250 dolar = 450 dolar + 250 dolar = 700 dolar.,1.8,700.0,698.2,Tom Barbados'u ziyaret etmek istiyor.  Gitmek için 10 farklı aşı yaptırması ve bir doktor ziyareti gerekiyor.  Aşıların her biri 45 dolar ve doktor ziyareti 250 dolar tutuyor ancak sigorta bu tıbbi faturaların %80'ini karşılayacak.  Seyahatin kendisi 1200 dolara mal oldu.  Ne kadar ödemesi gerekecek?,"Tom'un toplam tıbbi faturası şu şekilde hesaplanır:
10 aşı * 45 dolar/aşı + doktor ziyareti 250 dolar = 450 dolar + 250 dolar = 700 dolar.

Sigorta bu faturaların %80'ini karşılayacaktır, dolayısıyla Tom'un cebinden ödeyeceği kısım:
700 dolar * %20 = 140 dolar.

Seyahat masrafıyla birlikte toplam ödeme:
140 dolar + 1200 dolar = 1340 dolar.

Dolayısıyla, Tom'un ödemesi gereken toplam tutar 1340 dolardır."
4829,medium,1,10 pound * 0.454 = 4.54 kilogram.,4540.0,4.54,4535.46,Christine ve Rachel çilek toplamaya gittiler.  Turta yapmak istiyorlar ve turta başına 3 kilo çileğe ihtiyaçları var.  Christine 10 pound çilek topladı ve Rachel da onun iki katı kadar topladı.  Birlikte kaç turta yapabilirler?,"Öncelikle Christine 10 pound çilek toplamış. 1 pound yaklaşık 0.454 kilogramdır, bu nedenle Christine'in topladığı çilek miktarını kilogram cinsinden hesaplamamız gerekiyor:
10 pound * 0.454 = 4.54 kilogram.

Rachel, Christine'in iki katı kadar çilek topladığı için:
2 * 4.54 = 9.08 kilogram çilek toplamış.

Birlikte topladıkları çilek miktarı:
4.54 + 9.08 = 13.62 kilogram.

Bir turta yapmak için 3 kilogram çilek gerektiğini biliyoruz. Bu nedenle yapabilecekleri turta sayısını hesaplayalım:
13.62 kilogram / 3 kilogram/turta = 4.54 turta.

Turta sayısını tam sayı olarak verebilmek için virgülden sonrasını atarız. Sonuç olarak birlikte 4 turta yapabilirler."
4853,low,2,\text{Ortalama sıcaklık} = \frac{(-14) + (-8) + 1}{3} = \frac{-21}{3} = -7,-21.666666666666668,-7.0,14.666666666666668,"Bucyrus, Ohio için üç günlük sıcaklıklar kaydedilmiştir. Sıcaklıklar -14 derece Fahrenheit, -8 derece Fahrenheit ve +1 derece Fahrenheit idi. Kaydedilen 3 günde Bucyrus, Ohio'da ortalama derece sayısı (Fahrenheit) kaçtı?","Kaydedilen üç günlük sıcaklık ortalamasını hesaplamak için, sıcaklıkları toplar ve üçe böleriz:

\[
\text{Ortalama sıcaklık} = \frac{(-14) + (-8) + 1}{3} = \frac{-21}{3} = -7
\]

Dolayısıyla, Bucyrus, Ohio'da üç gün boyunca kaydedilen ortalama sıcaklık -7 derece Fahrenheit idi."
5011,medium,1,Hamburger fiyatı + 6 dolar + 4 dolar = 15 dolar,10.0,15.0,5.0,"Benjamin akşam yemeği için bir şeyler almak üzere McDonald's'a gitti. Bir salata, bir hamburger ve iki paket patates kızartması aldı. Toplam 15 dolar ödedi. Bir paket patates kızartması 2 dolar ve salata bunun üç katı ise hamburger ne kadara mal olmuştur?","Bir paket patates kızartması 2 dolarsa, iki paket patates kızartması 2 * 2 = 4 dolar eder. Salata bunun üç katıysa, salata 3 * 2 = 6 dolar eder.

Toplamda 15 dolar ödediğine göre:
Hamburger fiyatı + Salata fiyatı + Patates kızartmaları fiyatı = 15 dolar
Hamburger fiyatı + 6 dolar + 4 dolar = 15 dolar
Hamburger fiyatı + 10 dolar = 15 dolar

Hamburger fiyatı = 15 dolar - 10 dolar
Hamburger fiyatı = 5 dolar

Hamburger 5 dolara mal olmuştur."
5032,medium,1,24 $ - 27 $ = 3 $ tasarruf edersiniz.,-3.0,3.0,6.0,"Simitlerin tanesi 2,25 $ veya bir düzine 24 $. Bir seferde bir düzine satın alarak simit başına sent cinsinden ne kadar tasarruf edilir?","Bir düzine simit aldığınızda:

2,25 $ (tek fiyat) * 12 = 27 $ (düzine fiyatı)

24 $ - 27 $ = 3 $ tasarruf edersiniz.

Bir düzine simitte 12 simit olduğuna göre, simit başına tasarruf:
3 $ / 12 = 0,25 $ ya da 25 sent.

Yani, simit başına 25 sent tasarruf edersiniz."
5147,low,1,"600 mil / 270 mil = 2.22. Yakıt doldurma işlemini tam yolculuk boyunca 2 kez yapacaktır (çünkü üçüncü doldurma ancak 540. mile kadar gerekir, bu yüzden üçüncü doldurma gerekmez).",2.2222222222222223,2.22,0.0022222222222221255,"Jeremy ailesini ziyaret etmek için 600 mil yol kat ediyor. Bu yolculuk için ortalama hızı saatte 50 mil. Her iki saatlik sürüşte bir 15 dakika mola veriyor. Arabası galon başına 18 mil benzin alıyor ve benzin göstergesi 15 galon kullandığında yanıyor, bu noktada yeniden doldurmak için duruyor ve bu da 10 dakika sürüyor. Deposu dolu olarak yola çıkarsa, ailesinin evine varması dakika cinsinden ne kadar sürer?","Jeremy'nin ailesini ziyaret etmek için 600 mil yol kat etmesi gerekiyor. Ortalama hızı saatte 50 mil. Her iki saatte bir 15 dakika mola veriyor ve arabası galon başına 18 mil benzin alıyor. Benzin göstergesi 15 galon kullandığında yanıyor ve bu da her 270 milde bir (15 galon x 18 mil/galon) yakıt ikmali gerektiği anlamına geliyor. Yakıt doldurma işlemi her seferinde 10 dakika sürüyor.

İlk olarak toplam sürüş süresini hesaplayalım:
600 mil / 50 mil/sa = 12 saat.

Şimdi mola sürelerini hesaplayalım:
12 saatlik sürüş sırasında her 2 saatte bir mola verirse:
12 saat / 2 saat = 6 mola.
Her mola 15 dakika = 6 mola x 15 dakika = 90 dakika.

Şimdi yakıt doldurma molalarını hesaplayalım:
600 mil / 270 mil = 2.22. Yakıt doldurma işlemini tam yolculuk boyunca 2 kez yapacaktır (çünkü üçüncü doldurma ancak 540. mile kadar gerekir, bu yüzden üçüncü doldurma gerekmez).
2 doldurma x 10 dakika = 20 dakika.

Toplam süre:
Sürüş süresi: 12 saat (720 dakika)
Mola süreleri: 90 dakika
Yakıt doldurma süreleri: 20 dakika

Toplam süre:
720 + 90 + 20 = 830 dakika

Dolayısıyla, Jeremy'nin ailesinin evine varması 830 dakika sürer."
5183,medium,2,1/6 - 1/4 = 2/12 - 3/12 = -1/12,-0.08333333333333334,0.08333333333333333,0.16666666666666669,"Bir yüzme havuzu, havuzun altındaki bir giderden boşaltılmakta ve üstündeki bir hortumla doldurulmaktadır. Gider havuzu 4 saatte boşaltabilir ve hortum havuzu 6 saatte doldurabilir. Havuzda 120 litre su bulunmaktadır. Havuz su ile dolmaya başlarsa, 3 saat sonra ne kadar su kalır?","Hortum havuzu 1 saatte doluyorsa, saatte 1/6 oranında havuzu doldurur. Gider ise havuzu 1 saatte boşalıyorsa, saatte 1/4 oranında havuzu boştur.

1 saatte:
- Hortum havuza su ekler: 1/6
- Gider havuzdan su çeker: 1/4

Bu ikisinin toplamı:
1/6 - 1/4 = 2/12 - 3/12 = -1/12

Bu, saatte havuzun boşaldığını gösterir, yani her saat havuzun 1/12’si boşalır.

Başlangıçta 120 litre su olduğuna göre, havuzun tam kapasitesi 120 x 12 = 1440 litredir.

1 saatte boşalan su:
1440 / 12 = 120 litre

3 saatte toplam boşalan su:
120 x 3 = 360 litre

Başlangıçta 120 litre su vardı:
120 - 360 = -240 litre

Bu hesaplar başlangıçtaki suyun hızlı olduğundan zamanla su azalmaktadır.

Fakat başlangıçta 120 litrelik suyun ortadan kalkmasını sağlıyor. Bu süreçte yerleştirilmiş 120 lira su.

Başlangıçta 120 litre su vardır, bu doğru işler yoluyla yazdıkları 3 saat 30 litre suyun içinde olacak."
5188,low,1,130 - 15 = 3 * maliyet,115.0,3.0,112.0,"Büyücüler Parkı'ndayken Kate biri kendisi, ikisi de arkadaşları için olmak üzere 3 sihirli değnek satın alır. Döndüğünde asaları arkadaşlarına ödediğinden 5 dolar fazlasına satar. Satıştan sonra 130 dolar topladıysa, her bir asa kaç paraya mal olmuştur?","Her bir sihirli değneğin maliyetini hesaplamak için şöyle yapabiliriz:

Kate 3 adet sihirli değnek aldı ve bunları arkadaşlarına maliyetinin 5 dolar fazlasına sattı. Toplamda 130 dolar topladığına göre:

130 = 3 * (maliyet + 5)

Bu denklemi çözelim:

130 = 3 * maliyet + 15

130 - 15 = 3 * maliyet

115 = 3 * maliyet

maliyet = 115 / 3

maliyet = 38.33 dolar

Her bir sihirli değneğin maliyeti 38.33 dolardır."
5227,medium,1,-36 + 13 + (-15) + (-10) = -48,24.0,48.0,24.0,"Wayupnorth, Kanada için dört günlük sıcaklıklar kaydedilmiştir. Sıcaklıklar şöyleydi: -36 derece Fahrenheit, +13 derece Fahrenheit, -15 derece Fahrenheit ve -10 derece Fahrenheit. Wayupnorth, Kanada'da kaydedilen 4 günde ortalama kaç derece (Fahrenheit) ölçüldü?","Ortalama sıcaklığı bulmak için sıcaklıkların toplamını gün sayısına böleriz.

-36 + 13 + (-15) + (-10) = -48

Bu toplamı dört güne bölersek:

-48 ÷ 4 = -12

Ortalama sıcaklık -12 derece Fahrenheit olarak ölçüldü."
5295,medium,1,"Arabasının yakıt tüketimi 30 mil/galon olduğuna göre, haftada 240 mil / 30 mpg = 8 galon benzin kullanıyor.",0.004166666666666667,8.0,7.995833333333334,John'un arabası 30 mpg yakıyor.  Haftada 5 gün işe her yönden 20 mil gidiyor.  Ayrıca haftada 40 mil daha boş zamanlarında seyahat ediyor. Haftada kaç galon benzin kullanıyor?,"John haftada toplam 240 mil yol kat ediyor (işe gidip gelmek için 20 mil x 2 yön x 5 gün + boş zaman seyahati için 40 mil). Arabasının yakıt tüketimi 30 mil/galon olduğuna göre, haftada 240 mil / 30 mpg = 8 galon benzin kullanıyor."
5385,low,1,1 pound / 16 = 1 ons,0.0625,1.0,0.9375,"Pauly buz küpleri yapıyor. Yarım kilo küpe ihtiyacı var. 2 ons suyun 1 küp yaptığını ve her bir küpün bir poundun 1/16'sı ağırlığında olduğunu biliyor. 10 küp yapmak 1 saatini alıyor. Buz makinesinin çalıştığı her saat 1,50 dolara mal oluyor. Her bir ons su 0,10 dolara mal oluyor. Tüm buzu yapmak ne kadara mal olacak?","Öncelikle ihtiyacınız olan buz miktarını hesaplayalım:
1 pound = 16 ons olduğuna göre, yarım kilo 1 pounda eşittir.

Her bir buz küpü 1 poundun 1/16'sı ağırlığındaysa:
1 pound / 16 = 1 ons
Böylece yarım kilo, 16 buz küpü ağırlığındadır (1/16 x 16 = 1 pound).

Yani 16 buz küpüne ihtiyacınız var.

Şimdi, 16 buz küpü yapmak için gereken zamanı hesaplayalım:
10 küp yapmak 1 saat sürüyor, bu durumda 16 küp yapmak 1.6 saat sürer.

Makine çalışmasının maliyeti:
1.6 saat x 1.50 dolardan = 2.40 dolar

Gerekli su miktarı:
Her 1 küp için 2 ons su gerektiyse, 16 küp için:
16 x 2 ons = 32 ons su

Suyun maliyeti:
32 ons x 0.10 dolardan = 3.20 dolar

Toplam maliyet:
Makine maliyeti + Su maliyeti = 2.40 dolar + 3.20 dolar = 5.60 dolar

Yani tüm buzu yapmak 5.60 dolara mal olacak."
5688,medium,1,1 kg * (2/3) = 2/3 kg = 666.67 gram (yaklaşık 2 paket),0.6666666666666666,666.67,666.0033333333333,"Bir mağazada üç çeşit peynir vardır: beyaz, İsviçre ve mavi peynir. Her peynir paketlenmiştir ve her pakette 200 gram peynir vardır. Paket fiyatları beyaz peynir için 5 dolar, İsviçre peyniri için 6 dolar ve mavi peynir için 8 dolar. Miley'nin partisi için biraz peynir alması gerekiyordu ve 5 paket İsviçre peyniri, 600 gram mavi peynir ve üçte bir oranında daha az beyaz peynir almaya karar verdi. Tüm peynirler için ne kadar ödemesi gerekiyordu?","Miley'in peynirler için ödemesi gereken toplam miktarı hesaplayalım.

Öncelikle, aldıkları peynir miktarlarını öğrenelim:
- 5 paket İsviçre peyniri (her biri 200 gram):
  5 paket * 200 gram = 1000 gram = 1 kg

- 600 gram mavi peynir (bu paketlerin gram cinsinden ödeme miktarından bağımsız olarak doğrudan gram miktarı verilmiştir)

- Beyaz peynir miktarı: İsviçre peynirinin üçte biri kadar daha az:
  1 kg * (2/3) = 2/3 kg = 666.67 gram (yaklaşık 2 paket)

Şimdi toplam maliyeti hesaplayalım:

- İsviçre peyniri maliyeti:
  5 paket * 6 dolar/paket = 30 dolar

- Mavi peynir maliyeti:
  600 gram = 3 paket (çünkü her paket 200 gram)
  3 paket * 8 dolar/paket = 24 dolar

- Beyaz peynir maliyeti:
  Yaklaşık 2 paket
  2 paket * 5 dolar/paket = 10 dolar

Toplam maliyet:
30 dolar + 24 dolar + 10 dolar = 64 dolar

Miley toplamda 64 dolar ödemelidir."
5746,medium,1,- Hunter: 1.5 * (Ella + Emma + Luke) = 1.5 * (2 + 2 + 4) = 1.5 * 8 = 12 / 2 = 6 sosisli,12.0,6.0,6.0,"Matthew çocuklarına akşam yemeği için kaç tane sosisli sandviç istediklerini sordu.  Ella ve Emma ikişer sosisli sandviç istediklerini söylediler.  Luke kardeşlerinin iki katı kadar sosisli yiyebileceğini söylerken, Hunter kardeşlerinin toplam miktarının sadece 1 buçuk katını yiyebileceğini söyledi.  Matthew'un kaç tane sosisli pişirmesi gerekiyordu?","Matthew'un toplam 14 sosisli sandviç pişirmesi gerekiyor.

- Ella: 2 sosisli
- Emma: 2 sosisli
- Luke: 2 * (Ella + Emma) = 2 * 2 = 4 sosisli
- Hunter: 1.5 * (Ella + Emma + Luke) = 1.5 * (2 + 2 + 4) = 1.5 * 8 = 12 / 2 = 6 sosisli

Toplam: 2 + 2 + 4 + 6 = 14 sosisli sandviç"
5749,medium,2,200 kar külahı * 75 cent = 200 * 0.75 = 150 dolar,15000.0,150.0,14850.0,"Todd, kar konisi standı açmak için kardeşinden 100 dolar borç aldı. Mümkün olan en kısa sürede ona 110$ geri ödemek zorundadır. Todd, kar külahı malzemeleri için 75 dolar harcadı. Bunlardan 200 tanesini tanesi 75 dolardan satıyor. Kardeşine geri ödedikten sonra Todd'un ne kadar parası olur?","Todd'un başlangıç geliri şöyle hesaplanabilir:
200 kar külahı * 75 cent = 200 * 0.75 = 150 dolar

Harcamaları:
- Malzemeler: 75 dolar
- Kardeşine geri ödeme: 110 dolar

Toplam harcaması:
75 + 110 = 185 dolar

Toplam geliri:
150 dolar

Net zarar/kar:
150 - 185 = -35 dolar (Todd'un 35 dolar borcu olur)"
5756,medium,1,Toplamda: 60 + 70 = 90 hayvan.,130.0,90.0,40.0,Aubree okula giderken bir ağacın yanında 20 kunduz ve 40 sincap gördü ve kendisini gördüklerinde onları korkutarak kaçırdı. Okuldan dönerken kunduzların sayısının iki katına çıktığını ve sincapların sayısının 10 azaldığını fark etti. O gün gördüğü toplam hayvan sayısı kaçtır?,"O gün Aubree toplamda 90 hayvan gördü.

İlk olarak sabah 20 kunduz ve 40 sincap (toplamda 60 hayvan) gördü.
Okuldan dönerken kunduzların sayısı iki katına çıkmış yani 40 olmuş ve sincapların sayısı 10 azalmış yani 30 olmuş. Böylece akşam 70 hayvan görmüş oldu.

Toplamda: 60 + 70 = 90 hayvan."
5759,low,1,528 / 36 = 14.66,14.666666666666666,14.66,0.0066666666666659324,"Caitlin her hafta sonu çiftçi pazarında satmak için bilezikler yapıyor. Her bileklikte büyük boncukların iki katı kadar küçük boncuk kullanılıyor. Her bilezikte 12 büyük boncuk kullanılıyorsa ve Caitlin'in eşit miktarda büyük ve küçük boncuktan oluşan 528 boncuğu varsa, bu hafta sonu için kaç bilezik yapabilir?","Caitlin her bilezik için 12 büyük boncuk kullanıyor ve küçük boncukların sayısı büyük boncukların iki katı olduğundan, her bilezikte 24 küçük boncuk kullanılıyor.

Toplamda bir bilezik:
12 büyük boncuk + 24 küçük boncuk = 36 boncuktur.

Caitlin, 528 boncukla kaç bilezik yapabileceğini bulmak için toplam boncuk sayısını bir bilezik için gereken boncuk sayısına böleriz:
528 / 36 = 14.66

Tam bilezik yapabileceği için 14 bilezik yapabilir."
5760,medium,1,\[ \frac{93 + 95 + 91}{3} = 93 \],218.33333333333334,93.0,125.33333333333334,"6. sınıfların ortalama not ortalaması 93, 7. sınıfların 6. sınıflardan 2 fazla ve 8. sınıfların ortalama not ortalaması 91'dir.  Okul için ortalama not ortalaması nedir?","Genel not ortalaması hesabı için her sınıf seviyesinin ortalama notunu ve aynı sınıf seviyesindeki öğrenci sayısını bilmemiz gereklidir. Ancak bu soruda toplam öğrenci sayısı veya her sınıf seviyesindeki öğrenci sayısı belirtilmemiştir.

Eğer öğrenci sayıları eşit kabul edilirse, genel not ortalamasını bulmak için direkt olarak ortalamaları toplayıp, seviyelere bölebiliriz:
\[ \frac{93 + 95 + 91}{3} = 93 \]

Bu durumda, okul için ortalama not ortalaması 93 olur. Ancak bu açık bir varsayıma dayanmaktadır. Her sınıfın öğrenci sayıları eşit değilse, sonuç buna göre değişecektir."
5878,low,1,5600 metrekare * 10.7639 fit kare/metrekare = 60278.4 fit kare,60277.84,60278.4,0.5600000000049477,"Amanda, belediyenin parka dönüştürdüğü yeni bir arsayı kaplamak için kaç torba çim tohumu alması gerektiğini hesaplıyor. Arsa 120 metreye 60 metre ölçülerinde. Arazinin 40 metreye 40 metre ölçülerindeki bir bölümü betonla kaplanacak ve geri kalanının çim tohumlarıyla kaplanması gerekiyor. Her bir çim tohumu torbası 56 fit kareyi kaplamaktadır. Amanda'nın kaç torba çim tohumuna ihtiyacı vardır?","Öncelikle toplam arsa alanını hesaplayalım:
120 metre * 60 metre = 7200 metrekare

Betonla kaplanacak alan:
40 metre * 40 metre = 1600 metrekare

Çimle kaplanacak alan:
7200 metrekare - 1600 metrekare = 5600 metrekare

Şimdi, bu alanı fit kareye çevirmemiz gerekiyor. 1 metrekare = 10.7639 fit kare olduğundan:
5600 metrekare * 10.7639 fit kare/metrekare = 60278.4 fit kare

Her bir çim tohumu torbası 56 fit kareyi kapladığı için, ihtiyacı olan torba sayısı:
60278.4 fit kare / 56 fit kare/torba ≈ 1076 torba

Amanda'nın 1076 torba çim tohumuna ihtiyacı vardır."
5991,low,1,40 / 1.5 = 26.67 ≈ 27 yaş,26.666666666666668,26.67,0.0033333333333338544,"John, John'un annesinden 4 yaş büyük olan babasından yarım kat daha gençtir. John'un babası 40 yaşındaysa, John ile annesi arasındaki yaş farkı kaçtır?","John’un babası 40 yaşındaysa ve John, babasından yarım kat daha gençse, John’un yaşı:

40 / 1.5 = 26.67 ≈ 27 yaş

John’un annesi, babasından 4 yaş küçüktür:

40 - 4 = 36 yaş

John ile annesi arasındaki yaş farkı:

36 - 27 = 9 yaş

Sonuç olarak, John ile annesi arasındaki yaş farkı 9 yıldır."
6128,medium,1,Toplam: 1 + 4 + 8 + 24 = 35 hayvan,37.0,35.0,2.0,Bir köpek bir tarlada koşar ve ona 4 kediden oluşan bir grup katılır. Her kediye 2 tavşan ve her tavşana 3 yabani tavşan katılıyor. Tarlada kaç hayvan koşmaktadır?,"Tarlada toplam 35 hayvan koşmaktadır.

Hesaplama:
- 1 köpek
- 4 kedi
- Her kediye 2 tavşan: 4 kedi * 2 tavşan = 8 tavşan
- Her tavşana 3 yabani tavşan: 8 tavşan * 3 yabani tavşan = 24 yabani tavşan

Toplam: 1 + 4 + 8 + 24 = 35 hayvan"
6199,medium,1,Hızını yüzde kırk artırdığında yeni hızı 40 * 1.4 = 56 metre/5 saniye olur,56.0,11.2,44.8,"Georgie bir futbol takımında birinci sınıf oyuncusudur. 5 saniye içinde 40 metre koşabiliyor. Eğer hızını yüzde kırk artırabilirse, 10 saniye içinde kaç metre koşabilir?",Hızını yüzde kırk artırdığında yeni hızı 40 * 1.4 = 56 metre/5 saniye olur. Bu hızla 10 saniye koştuğunda 56 * 2 = 112 metre koşabilir.
6430,medium,1,858 / 6 + 1 = 143,144.0,143.0,1.0,Bir şirket 900 metrelik bir yolu çitle kaplıyor. Her 6 metrede bir çit direği yerleştiriliyor. Yolun tamamı 42 metrelik bir köprü dışında çitle kaplanmıştır. Tüm yol boyunca her iki tarafa kaç çit direği yerleştirilecektir?,"İlk olarak, 42 metrelik köprü hariç tutulduğunda çit direklerinin yerleştirileceği mesafe 900 - 42 = 858 metredir.

Her 6 metrede bir çit direği yerleştirildiğine göre, yolun bir tarafı boyunca yerleştirilecek direk sayısı:
858 / 6 + 1 = 143
(Ortak direkler yerleştirildiği için bir tane daha ekliyoruz.)

Her iki taraf için bu direk sayısı iki katına çıkar:
143 * 2 = 286

Dolayısıyla, yol boyunca her iki tarafa toplamda 286 çit direği yerleştirilecektir."
6454,low,1,Ortalama sıcaklık ise (80 + 90 + 65) / 3 = 78.33 dereceydi.,78.33333333333333,78.33,0.0033333333333303017,"Haziran 2020'de New York'ta sıcaklık 80 dereceydi. O gün Miami'deki sıcaklık New York'taki sıcaklıktan 10 derece daha sıcak ve San Diego'daki sıcaklıktan 25 derece daha soğuksa, üç şehir için ortalama sıcaklık neydi?","New York'ta sıcaklık 80 dereceydi. Miami'deki sıcaklık 90 derece (80 + 10), San Diego'daki sıcaklık ise 65 derece (90 - 25).

Ortalama sıcaklık ise (80 + 90 + 65) / 3 = 78.33 dereceydi."
6512,medium,1,36 * (3/2) = 24 çubuk.,54.0,24.0,30.0,"Simon, Gerry ve Micky el yapımı minyatür sallarla bir yarış yapmak isterler. Simon'ın salının 36 çubuğa ihtiyacı var, Gerry'nin salının Simon'ın ihtiyacının üçte ikisi kadar çubuğa ihtiyacı var ve Micky'nin salının Simon ve Gerry'nin sallarının toplamından 9 çubuk daha fazla çubuğa ihtiyacı var. Üç çocuğun toplamda kaç çubuk toplaması gerekir?","Simon'ın salı için 36 çubuk gerekiyor.

Gerry'nin salı için gereken çubuk sayısı:
36 * (3/2) = 24 çubuk.

Micky'nin salı için gereken çubuk sayısı:
36 + 24 + 9 = 69 çubuk.

Toplamda gereken çubuk sayısı:
36 + 24 + 69 = 129 çubuk.

Üç çocuğun toplamda 129 çubuk toplaması gerekir."
6581,medium,1,2 kaset × 9 dolar/kaset + 25 dolar = 2 × 9 + 25 = 18 + 25 = 43 dolar.,0.72,43.0,42.28,Amanda hediye olarak 50 dolar aldı. Her biri 9 dolar olan iki kaset ve 25 dolar olan bir kulaklık seti almayı planlıyor. Ne kadar parası kalacaktır?,"Amanda'nın alacağı kasetler ve kulaklık setinin toplam maliyeti:
2 kaset × 9 dolar/kaset + 25 dolar = 2 × 9 + 25 = 18 + 25 = 43 dolar.

Amanda'nın başlangıçtaki parası 50 dolar olduğuna göre:
50 dolar - 43 dolar = 7 dolar.

Amanda'nın 7 doları kalacaktır."
6622,medium,2,99.1 + 98.2 + 98.7 + 99.3 + 99.8 + 99.0 + 98.9 = 692.0,693.0,692.0,1.0,"Berry hafta boyunca ortalama sıcaklığının ne olduğunu merak ediyor. Pazar günü ateşi 99.1'dir. Pazartesi günü ateşi 98,2'dir. Salı günü ateşi 98.7. Çarşamba günü ateşi 99.3. Perşembe günü ateşi 99.8. Cuma günü ateşi 99. Cumartesi günü ateşi 98,9. O haftaki ortalama ateşi kaçtır?","Berry'nin hafta boyunca ortalama ateşini hesaplamak için tüm günlerdeki ateşlerini toplamak ve gün sayısına bölmek gerekiyor. Ateş değerleri şöyledir:

- Pazar: 99.1
- Pazartesi: 98.2
- Salı: 98.7
- Çarşamba: 99.3
- Perşembe: 99.8
- Cuma: 99.0
- Cumartesi: 98.9

Bu değerleri toplarsak:

99.1 + 98.2 + 98.7 + 99.3 + 99.8 + 99.0 + 98.9 = 692.0

Bu toplamı gün sayısına bölersek (7 gün):

692.0 / 7 = 98.857

Berry'nin hafta boyunca ortalama ateşi 98.857 derece Fahrenheit'tir."
6660,low,1,Her bir pastanın maliyeti ise 12 dolar malzeme maliyeti / 2 pasta = 6 dolar malzeme maliyeti + 1 dolar ambalaj maliyeti = 7 dolar,6.0,7.0,1.0,Andy doğum günü pastaları pişirip satmaktadır. İki pasta yapmak için malzemelere 12 dolar ve her bir pastanın ambalajına 1 dolar harcıyor. Andy her bir pastayı 15$'a satıyor. Andy her bir pasta için ne kadar para kazanıyor?,"Andy her bir pasta için 15 dolar gelir elde ediyor. Her bir pastanın maliyeti ise 12 dolar malzeme maliyeti / 2 pasta = 6 dolar malzeme maliyeti + 1 dolar ambalaj maliyeti = 7 dolar. Dolayısıyla, Andy her bir pastadan 15 - 7 = 8 dolar kar ediyor."
6723,medium,1,Toplam: 2332.8 + 93.312 = 2426.112 dolar,95644.8,2426.112,93218.68800000001,Adam'ın babası bankaya 2000 dolar yatırmıştır. Yıl boyunca ödenen %8 faiz alır ve yatırıldığı anda faizi çeker.  Adam'ın babasının 2 buçuk yıl sonra yatırdığı para ve aldığı faiz dahil ne kadar parası olacaktır?,"Adam'ın babasının 2.5 yıl sonra kazandığı toplam para ve faiz şu şekilde hesaplanabilir:

1. yıl sonu:
2000 dolar + %8 faiz = 2000 x 0.08 = 160 dolar faiz
Toplam: 2000 + 160 = 2160 dolar

2. yıl sonu:
2160 dolar + %8 faiz = 2160 x 0.08 = 172.8 dolar faiz
Toplam: 2160 + 172.8 = 2332.8 dolar

0.5 yıl sonu:
2332.8 dolar + %4 faiz (yarım yıl için): = 2332.8 x 0.04 = 93.312 dolar faiz
Toplam: 2332.8 + 93.312 = 2426.112 dolar

Sonuç olarak, 2.5 yıl sonra Adam'ın babasının toplam parası 2426.112 dolar olacaktır."
6750,medium,1,Toplam meyve sayısı = 6 portakal + 4 elma + 12 muz + 6 şeftali = 18 meyve.,28.0,18.0,10.0,Bir meyve sepetinde altı portakal vardır. Portakaldan iki tane daha az elma vardır.  Elmanın üç katı kadar muz ve muzun yarısı kadar şeftali var.  Meyve sepetinde kaç adet meyve vardır?,"Meyve sepetinde toplam 18 meyve vardır. İşte hesaplama:

1. 6 portakal var.
2. Portakaldan iki daha az elma var, yani 4 elma.
3. Elmanın üç katı kadar muz var, yani 12 muz (3 * 4).
4. Muzun yarısı kadar şeftali var, yani 6 şeftali (12 / 2).

Toplam meyve sayısı = 6 portakal + 4 elma + 12 muz + 6 şeftali = 18 meyve."
6819,low,1,Sütlü çaylar için toplam maliyet: 3 x 3$ = 3$,9.0,3.0,6.0,"Üç arkadaş film izlemeye gittiler. Mitch biletlerin her biri için 7$ ödedi. Öte yandan, Jam 2 kutu patlamış mısır için 1,5$ öderken, Jay 3 bardak sütlü çay için 3$ ödedi. Eğer üçü toplam harcamaları paylaşacaksa, her biri ne kadar katkıda bulunmalıdır?","Biletler için toplam maliyet: 3 x 7$ = 21$
Mısır için toplam maliyet: 2 x 1,5$ = 3$
Sütlü çaylar için toplam maliyet: 3 x 3$ = 3$
Toplam maliyet: 21$ + 3$ + 3$ = 27$

Her biri paylaşacakları için: 27$ / 3 = 9$

Her biri 9$ katkıda bulunmalıdır."
6850,medium,1,33.0693 - 39 = -5.9307 pound.,-5.930700000000002,5.9307,11.861400000000001,Arthur'un 3 köpeği var. Haftada ortalama 15 kilo yemek yiyorlar. Köpeklerden biri haftada 13 pound yiyor. İkincisi bunun iki katını yiyor. Üçüncü köpek haftada ne kadar yiyor?,"İlk köpek 13 pound yiyor.
İkinci köpek bunun iki katını, yani 26 pound yiyor.

Toplamda 13 + 26 = 39 pound oluyor.
1 kilo yaklaşık 2.20462 pound olduğuna göre,
15 kilo x 2.20462 = yaklaşık 33.0693 pound eder.

Arthur'un köpekleri haftada toplam ortalama 33.0693 pound yiyorlar.

Üçüncü köpeğin yediği miktar:
33.0693 - 39 = -5.9307 pound.

Bu eksik miktar, verilen değerlerde bir hata olabileceğini gösterir. Lütfen değerleri tekrar kontrol edin."
6853,medium,1,3.75 pound / 0.625 pound/tabak = 6 tabak,0.006,6.0,5.994,"Hasan yeni bir iş için ülkenin diğer ucuna taşınacağı için evini toparlıyor. Yeni evine birkaç kutu göndermesi gerekiyor. Nakliyeciler Hasan'dan herhangi bir karton kutuya belirli bir ağırlıktan fazlasını koymamasını istedi. Nakliye şirketi Hasan'a, bir paketin çok ağır olması durumunda onu uyaracak dijital bir tartı temin etmiştir. Hasan mutfaktadır ve bir karton kutuyu 38 yemek tabağıyla doldurur. Kutuyu kontrol ettiğinde, tartı kutunun çok ağır olduğunu bildirir. Hasan tabakların her birinin 10 ons ağırlığında olduğunu bilmektedir. Kutudan tek bir tabak çıkarır ve nakliyecilerin tartısını tekrar kontrol eder. Tartı kutunun hâlâ çok ağır olduğunu bildirir. Hasan bu işlemi tekrar tekrar yapar. Yeterince tabak çıkardığında, nakliyecilerin tartısı kutunun artık nakliye için kabul edilebilir bir ağırlıkta olduğunu gösterir. Hasan, kantar kutunun çok ağır olduğunu söylemeden önce her bir nakliye kutusunun 20 pound alabileceği sonucuna varır.  Hasan'ın nakliye kutusundan kaç tabak çıkarması gerekiyordu?","Hasan'ın her tabak 10 ons (0.625 pound) olduğuna göre, kutudaki tabakların toplam ağırlığını hesaplayabiliriz. Başlangıçta 38 tabak var ve her biri 0.625 pound:

38 tabak x 0.625 pound/tabak = 23.75 pound

Kutunun kabul edilebilir bir ağırlıkta olduğu en yüksek değerin 20 pound olduğunu biliyoruz. Kaç tabak çıkarması gerektiğini bulmak için, 23.75 pound - 20 pound farkını ve her tabak başına ağırlığı kullanarak çıkarılması gereken tabak sayısını hesaplayalım:

23.75 pound - 20 pound = 3.75 pound

Her tabak 0.625 pound olduğuna göre, kaç tabak çıkarılması gerektiğini bulmak için:

3.75 pound / 0.625 pound/tabak = 6 tabak

Hasan'ın kutudan 6 tabak çıkarması gerekiyor."
6865,low,1,34 dolar / 19 diş = 1.79 dolar (yaklaşık olarak),1.7894736842105263,1.79,0.000526315789473708,"Grant'in 20 süt dişinin hepsi döküldü ve diş perisinden toplam 54 dolar aldı. Okuldan eve dönerken düşürdüğü ve yanlışlıkla yuttuğu bir dişi hariç, her diş kaybettiğinde diş perisi için yastığının altına koydu. Diş perisi, Grant ilk dişini kaybettiğinde ona 20 dolar bıraktı. İlk dişinden sonra her diş için eşit para verildiği varsayılırsa, diş perisi ona diş başına ne kadar bırakmıştır?","Grant'in toplam 20 süt dişi vardı ve hepsi döküldü. İlk dişi için 20 dolar aldı, diğer 19 diş için toplamda 54 - 20 = 34 dolar aldı. Geriye kalan her diş için aldığı miktar eşit olduğuna göre, bu miktarı bulmak için 34 doları 19 dişe böleriz:

34 dolar / 19 diş = 1.79 dolar (yaklaşık olarak)

Diş perisi, Grant'e ilk diş hariç her diş için yaklaşık 1.79 dolar bırakmıştır."
6878,low,2,"Dolayısıyla, gereken ek kazanç: 150 $ - 837.27 $ = -687.27 $ (Bu hesap teorik olarak yeterli olur).",-687.27,687.27,1374.54,"LaKeisha bir kitap koleksiyonu için para toplamak amacıyla çimleri biçiyor. Çimlerin her metrekaresi için 10 dolar alıyor. Kitap seti 150 dolara mal oluyor. Halihazırda üç adet 20 x 15 fit çim biçmişse, kitap seti için yeterli parayı kazanmak için kaç fit kare daha biçmesi gerekir?","Öncelikle, Halihazırda biçtiği çimlerin toplam alanını hesaplayalım:

Her çim alanı: 20 ft x 15 ft = 300 ft²

Toplam üç çim alanı: 3 x 300 ft² = 900 ft²

Elde ettiği kazanç: 900 ft² x 10 $/m² = 9000 $ (Ancak burada yaklaşık 0.092903 m²/ft² dönüşüm faktörünü dikkate almalıyız.)

9000 $ x 0.092903 ≈ 837.27 $

Kitap seti: 150 $

Dolayısıyla, gereken ek kazanç: 150 $ - 837.27 $ = -687.27 $ (Bu hesap teorik olarak yeterli olur).

Bir şey düzeltilmelidir. Burada doğru ölçmemiz gereken birimlerin fit değil metrekare olduğunu düzeltmeliyiz:

Mevcut her metrekaresini biçmenin kazancı 10$ ve 150$ kitap seti olduğuna göre 15 metrekare daha biçiyor:

150 $ / 10$ = 15 metrekare.

Bu kadar fit  karede hesaplamak gerekirse:

1 m² = 10 x 10.764 = 107.64 ft²

15 m²*107.64 = 1614.60 ft²

Sonuç olarak:

Kitap seti için 1.614,60 fit kare biçmelidir."
6890,medium,1,970.462 pound - 300 pound = 670.462 pound,970162.0,670462.0,299700.0,"Bobby 13 yaşında 300 pound deadlift yapabiliyor.  18 yaşına geldiğinde, önceki ağırlık kaldırışının %250'sinden 100 kilo daha fazla ağırlık kaldırabiliyor.  Yılda kaç kilo eklemiştir?","Bobby'nin 18 yaşına geldiğinde kaldırabildiği ağırlık miktarı:

300 pound * 2.5 + 100 kg

Öncelikle, kilogram ve pound dönüşümünü kullanmalıyız (1 kilogram ≈ 2.20462 pound).

100 kilogram ≈ 100 * 2.20462 ≈ 220.462 pound

O zaman, kaldırdığı toplam ağırlık miktarı:

300 * 2.5 + 220.462 ≈ 750 + 220.462 ≈ 970.462 pound

Bobby 18 yaşında yaklaşık 970.462 pound kaldırabiliyor.

Ağırlık artışı ise:

970.462 pound - 300 pound = 670.462 pound

Bunu yıllık artışa bölmek için, 5 yıllık bir zaman dilimi olduğunu dikkate alalım:

670.462 pound / 5 yıl ≈ 134.0924 pound/yıl

Bobby yılda yaklaşık 134.1 pound eklemiştir."
6938,medium,1,(33 litre / 275 km) * 100 km = 12 litre/100 km.,12.0,0.12,11.88,John'un arabasının deposu dolu: 47 litre benzin içeriyor. 275 km'lik bir yolculuktan sonra geriye 14 litre kalmıştır. Bu arabanın 100 km'deki yakıt tüketimi nedir?,"John’un arabası 275 km'lik bir yolculukta 33 litre benzin tüketmiştir (47 litre - 14 litre). Yakılan yakıt miktarı 275 km için 33 litredir.

Bu durumda tüketimi hesaplamak için:
(33 litre / 275 km) * 100 km = 12 litre/100 km.

Yani arabanın 100 km'deki yakıt tüketimi 12 litredir."
6996,medium,1,Bu süre içinde indirebileceği şarkı sayısı 1800 saniye / 0.25 saniye = 720 şarkıdır,7200.0,720.0,6480.0,Julia'nın internet hızı 20 MBps (saniye başına megabayt). Şarkı başına düşen boyut 5MB ise yarım saatte kaç şarkı indirebilir?,"Julia'nın internet hızı 20 MBps ve şarkı başına düşen boyut 5 MB olduğuna göre, bir şarkıyı indirme süresi 5 MB / 20 MBps = 0.25 saniyedir. Yarım saatte (30 dakika) toplam saniye sayısı 30 * 60 = 1800 saniyedir. Bu süre içinde indirebileceği şarkı sayısı 1800 saniye / 0.25 saniye = 720 şarkıdır. Julia, yarım saatte 720 şarkı indirebilir."
7124,medium,1,"Dolayısıyla, 24,25$ = 24$ + 0,25$ = (24 * 4) + 1 = 96 + 1 = 97 çeyreklik.",24.25,97.0,72.75,"Phil güne 40 dolarla başladı. Bir dilim pizzayı 2,75$'a, bir gazozu 1,50$'a ve bir kot pantolonu 11,50$'a satın aldı.  Eğer ilk parasından geriye çeyrekliklerden başka bir şey kalmadıysa, şu anda kaç çeyrekliği vardır?","Phil'in yaptığı harcamalar:
- Pizza: 2,75$
- Gazoz: 1,50$
- Kot pantolon: 11,50$

Toplam harcama: 2,75 + 1,50 + 11,50 = 15,75$

Başlangıç parası: 40$
Kalan para: 40 - 15,75 = 24,25$

Bu miktar çeyrekliklerle olduğuna göre, 1$ = 4 çeyreklik eder.

Dolayısıyla, 24,25$ = 24$ + 0,25$ = (24 * 4) + 1 = 96 + 1 = 97 çeyreklik.

Sonuç olarak, Phil'in şu anda 97 çeyreklik vardır."
7282,medium,3,- Susan: \( \frac{1500}{1+1+3} \times 1 = 300 \) çıkartma,1504.0,300.0,1204.0,"Mary 1500 çıkartmadan oluşan bir paket satın aldı. Bunları sırasıyla Susan, Andrew ve Sam arasında 1:1:3 oranında paylaştırdı. Eğer Sam kendi payının üçte ikisini Andrew'a verdiyse, Andrew'un şu anda kaç çıkartması vardır?","Başlangıçta, toplam 1500 çıkartmayı 1:1:3 oranında paylaştırarak bölüştürelim:

- Susan: \( \frac{1500}{1+1+3} \times 1 = 300 \) çıkartma
- Andrew: \( \frac{1500}{1+1+3} \times 1 = 300 \) çıkartma
- Sam: \( \frac{1500}{1+1+3} \times 3 = 900 \) çıkartma

Daha sonra, Sam kendi payının üçte ikisini Andrew'a veriyor:
- Sam: \( \frac{900 \times 2}{3} = 600 \) çıkartmayı Andrew'a verir.
- Sam'de kalan çıkartma: \( 900 - 600 = 300 \)

Andrew'un nihai çıkartma sayısını bulalım:
- Başlangıçta Andrew'un çıkartma sayısı: 300
- Sam'in verdiği çıkartma sayısı: 600
- Toplam Andrew'un çıkartma sayısı: \( 300 + 600 = 900 \)

Sonuç olarak, Andrew'un şu anda 900 çıkartması vardır."
7301,medium,1,-5 + 10 - 2 + 4 = +7,17.0,7.0,10.0,"Frank yeni bir dans hareketi çalışıyor.  Önce 5 adım geri gidiyor, sonra 10 adım ileri gidiyor, sonra 2 adım geri gidiyor, sonra da bunun iki katı ileri gidiyor.  Frank başlangıç noktasından kaç adım ileridedir?","Frank başlangıç noktasında:

- 5 adım geri gidiyor: -5
- 10 adım ileri gidiyor: +10
- 2 adım geri gidiyor: -2
- Bunun iki katı ileri gidiyor (2 * 2): +4

Toplamda:

-5 + 10 - 2 + 4 = +7

Frank başlangıç noktasından 7 adım ileridedir."
7405,medium,1,"C(21, 3) = \(\frac{21 \cdot 20 \cdot 19}{3 \cdot 2 \cdot 1} = 1330\)",5320.0,1330.0,3990.0,Bir sınıfta 9 erkek ve 12 kız vardır. Öğretmenin sınıf etkinliği için üç üyeli gruplar oluşturması gerekiyor. Kaç grup oluşturulur?,"Toplamda 21 öğrenci var ve üç üyeli gruplar oluşturulacak. Kaç farklı grup oluşturulacağını bulmak için kombinasyon formülünü kullanmalıyız.

C(21, 3) = \(\frac{21!}{3!(21 - 3)!} = \frac{21!}{3! \cdot 18!}\)

Bu hesaplamayı yaparak:

C(21, 3) = \(\frac{21 \cdot 20 \cdot 19}{3 \cdot 2 \cdot 1} = 1330\)

Bu durumda 1330 farklı grup oluşturulabilir."
7422,medium,1,120 pound × 0.4536 = 54.432 kilogram,54.432,54432.0,54377.568,Parker spor salonuna gitti ve halter için ayarlanmış 4 adet 20 poundluk dambıl buldu. Düzeneğe iki dambıl daha ekledi ve egzersizlerine başladı. Parker egzersizleri için kaç kiloluk dambıl kullanıyor?,"Parker başlangıçta halter setinde 4 adet 20 poundluk dambıl buldu. İki adet daha eklediğinde toplamda 6 adet 20 poundluk dambıl olmuş olur.

Halter setindeki toplam ağırlığı hesaplamak için:
6 dambıl × 20 pound = 120 pound

1 pound yaklaşık olarak 0.4536 kilogramdır. Bu nedenle, toplam ağırlığı kilogram cinsinden hesaplamak için:
120 pound × 0.4536 = 54.432 kilogram

Parker, egzersizleri için yaklaşık 54.4 kilogramlık dambıl kullanıyor."
7494,medium,1,Toplam: 10 + 6 + 10 = 24 hediye,26.0,24.0,2.0,Cherrie 5 arkadaşı için Noel hediyesi almak istiyor. Arkadaşlarından 2'si 5 hediye isterken diğer 3 arkadaşı da kendileri için 2 hediye ister. Cherrie devam eder ve onları satın alır ve rastgele 10 hediye daha alarak onları daha da şaşırtmaya karar verir. Cherrie toplamda kaç hediye almıştır?,"Cherrie toplamda 24 hediye almıştır.

Hediyeleri şu şekilde hesaplayabiliriz:
- İlk 2 arkadaşı için: 2 x 5 = 10 hediye
- Diğer 3 arkadaşı için: 3 x 2 = 6 hediye
- Ekstra olarak: 10 hediye
  Toplam: 10 + 6 + 10 = 24 hediye"
7537,medium,2,"Luri'nin oynatıcısında 20 / 3 = 6.66, yani yaklaşık 7 şarkı vardır",6.666666666666667,6.66,0.006666666666666821,"Gabriel ve Luri'nin 100 şarkı depolayabilen birer taşınabilir medya oynatıcısı vardır. Gabriel'in oynatıcısında 20 şarkı varken Luri'nin 3 katı kadar şarkısı var. Luri, oynatıcısına Gabriel'in ekleyebileceğinden kaç tane daha az şarkı ekleyebilir?","Luri'nin oynatıcısında 20 / 3 = 6.66, yani yaklaşık 7 şarkı vardır. Luri, oynatıcısına 100 - 7 = 93 şarkı ekleyebilir.

Gabriel 100 - 20 = 80 şarkı ekleyebilir.

Luri, Gabriel'den 80 - 93 = 13 şarkı daha az ekleyebilir."
7561,low,2,"\( x = \frac{150 \times 3}{2 \times 1,5} = \frac{450}{3} = 100 \).",337.5,150.0,187.5,"Kenny, bir eğlence parkına 100 dolar değerinde bir bilet almak için Pokemon kartlarını satıyor. Bir kart koleksiyonu var ve onları tanesi 1,5 dolardan satmayı planlıyor. Kartların 1/3'ünü elinde tutuyor ve lunaparka 50$ nakit parayla gidebiliyor. Kaç kartla başlamıştı?","Kenny, Pokemon kartlarını tanesi 1,5 dolardan satarak 100 dolar değerinde bir bilet almak ve lunaparka 50 dolar nakit parayla gitmek istiyor. Bu durumda, toplam 150 dolarlık bir gelir elde etmesi gerekiyor.

Kartlarının 1/3'ünü elinde tutuyorsa, kartlarının 2/3'ünü satmış olacaktır. Bu bilgileri kullanarak denklem kurabiliriz.

1. Kart sayısını x olarak belirleyelim.
2. Satılacak kart sayısı \( \frac{2}{3}x \).
3. Satılan kartların toplam değeri \( \frac{2}{3}x \times 1,5 = 150 \).

Bu denklemi çözerek x'in değerini bulabiliriz.

\( \frac{2}{3}x \times 1,5 = 150 \).

\( x = \frac{150 \times 3}{2 \times 1,5} = \frac{450}{3} = 100 \).

Kenny'nin başlangıçta 100 kartı vardı."
7592,low,1,"48 litre / 3,78541 = yaklaşık 12,68 galon",12.68026448918347,12.68,0.0002644891834702179,"Partiden geriye 10 litre çay kalmıştır. Dört öğrencinin her biri 1,5 litre çay içti ve 16 öğrencinin her biri 2 litre çay içti. Partinin başında kaç galon çay vardı?","1 galon yaklaşık 3,78541 litreye eşittir. Hesaplama yapmadan önce galona çevrilmesi gerektiğini not edelim.

Öncelikle, içilen toplam çay miktarını hesaplayalım:
- Dört öğrenci 1,5 litre çay içti: 4 * 1,5 = 6 litre
- On altı öğrenci 2 litre çay içti: 16 * 2 = 32 litre

Toplam içilen çay miktarı: 6 + 32 = 38 litre

Geriye 10 litre kalmıştı, yani partinin başındaki toplam çay miktarı: 38 + 10 = 48 litre

Son olarak, 48 litreyi galona çevirelim:
48 litre / 3,78541 = yaklaşık 12,68 galon

Partinin başında yaklaşık 12,68 galon çay vardı."
7696,low,1,\[ \text{2000 dolar} \times \frac{4}{5} = 1600 \text{ dolar} \],0.8,1600.0,1599.2,"Bir kuyumcu dükkanında altın bir mücevherin fiyatı elmas bir mücevherin fiyatının 4/5 katıdır. Gümüş bir mücevherin fiyatı altın fiyatından 400$ daha azdır. Eğer bir elmas mücevher 2000 dolar ise, üç mücevherin toplam fiyatını bulunuz.","Elmas mücevherin fiyatı 2000 dolar.

Altın mücevherin fiyatı:
\[ \text{2000 dolar} \times \frac{4}{5} = 1600 \text{ dolar} \]

Gümüş mücevherin fiyatı:
\[ \text{1600 dolar} - 400 \text{ dolar} = 1200 \text{ dolar} \]

Üç mücevherin toplam fiyatı:
\[ \text{2000 dolar} + \text{1600 dolar} + \text{1200 dolar} = 4800 \text{ dolar} \]

Üç mücevherin toplam fiyatı 4800 dolardır."
7720,medium,1,40 kilo/gün 𐌹 5 gün = 200 kilo,8.0,200.0,192.0,"Ben Amca'nın dört atı var. Her at öğün başına beş kilo yulaf tüketebiliyor. Atlarını günde iki kez besliyor. Bir torba 50 pound yulaf içeriyorsa, atlarını beş gün boyunca beslemek için kaç torba yulafa ihtiyacı vardır?","Ben Amca'nın dört atı var ve her biri öğün başına beş kilo yulaf tüketiyor. Atlarını günde iki kez beslediğine göre:

4 at 𐌹 5 kilo/at/öğün 𐌹 2 öğün = 40 kilo/gün
Beş gün boyunca toplam yulaf tüketimi:
40 kilo/gün 𐌹 5 gün = 200 kilo

Bir torba 50 pound (yaklaşık 22.68 kilo) yulaf içeriyor. Bu yüzden,
200 kilo yulaf / 22.68 kilo/torba ≈ 8.82 torba
Tam torba gerektiği için, 9 torba yulafa ihtiyacı vardır."
7722,medium,1,(-48 + 21 - 3) / 3 = -30 / 3 = -10 Fahrenheit derecedir.,-10.0,10.0,20.0,Southlandia'da şimdiye kadar kaydedilen en yüksek sıcaklık -48 Fahrenheit derecedir. Northlandia'da şimdiye kadar kaydedilen en yüksek sıcaklık 21 Fahrenheit derecedir. Midlandia'da kaydedilen en yüksek sıcaklık -3 Fahrenheit derecedir. Bu 3 ülkenin ortalama en yüksek sıcaklığı nedir?,"Bu 3 ülkenin ortalama en yüksek sıcaklığı şu şekildedir:

(-48 + 21 - 3) / 3 = -30 / 3 = -10 Fahrenheit derecedir."
7726,medium,1,"Bu durumda, her bir tıraş bıçağı 2,00$ / 16 = 0,125$ (12,5 sent) olur.",0.125,125.0,124.875,"Heather'ın tıraş bıçakları bir pakette 4 adettir ve paket başına 4,00$'dır.  Şu anda bir alana bir bedava kampanyası var.  Ayrıca 2,00$'lık bir kuponu da var.  İndirimden sonra 2 paket tıraş bıçağı alırsa her bir tıraş bıçağı sent olarak ne kadara mal olur?","Heather, bir paket tıraş bıçağını 4,00$'a alır. Bir alana bir bedava kampanyasından dolayı 2 paket aldığı takdirde toplamda 4 paket tıraş bıçağına sahip olur, ancak bu 4 paket için sadece 4,00$ öder.

Daha sonra Heather, 2,00$'lık kuponunu kullanır. Bu da toplam maliyeti 4,00$ - 2,00$ = 2,00$ yapar.

Heather'ın sahip olduğu 4 paket tıraş bıçağında her paket 4 tıraş bıçağı içerir. Toplamda 4 paket × 4 tıraş bıçağı/paket = 16 tıraş bıçağına sahip olur.

Toplam 2,00$ ödemiş ve 16 tıraş bıçağına sahip olmuş. Bu durumda, her bir tıraş bıçağı 2,00$ / 16 = 0,125$ (12,5 sent) olur.

Sonuç olarak, indirimden sonra her bir tıraş bıçağı 12,5 sente mal olur."
7731,low,1,"\[ 70 \text{ fit} \times 0,3048 \text{ m/fit} = 21,336 \text{ metre} \]",21.336000000000002,21336.0,21314.664,"James, doğum günü partisi için arka bahçesindeki çitlere krepon kâğıdından flamalar asmak istiyor. Arka bahçe çiti, uzun kenarı 20 fit ve kısa kenarı 15 fit olan bir dikdörtgendir. James'in kaç metre krepon kağıdı satın alması gerekir?","Arka bahçe çiti bir dikdörtgen olduğundan, çevresi şu şekilde hesaplanır:
\[ \text{Çevre} = 2 \times (\text{Uzun Kenar} + \text{Kısa Kenar}) \]

Bu durumda:
\[ \text{Çevre} = 2 \times (20 \text{ fit} + 15 \text{ fit}) \]
\[ \text{Çevre} = 2 \times 35 \text{ fit} \]
\[ \text{Çevre} = 70 \text{ fit} \]

1 fit, yaklaşık 0,3048 metreye eşittir. Bu nedenle, 70 fit'in metre cinsinden karşılığını bulmak için:
\[ 70 \text{ fit} \times 0,3048 \text{ m/fit} = 21,336 \text{ metre} \]

James'in yaklaşık 21,34 metre krepon kağıdı satın alması gerekir."
7792,medium,1,30 - 25 - (geçen araç sayısı) = 0,5.0,0.0,5.0,"Arabalar otoyolda sıraya girmiştir. Trafik sıkışıklığının ilk 15 dakikasında arabaların bir kısmı geçerken, sıkışıklığın kalan 15 dakikasında 20 araba daha geçmektedir. Sıradaki araçlardan 5'i trafik sıkışıklığından geçmek zorunda kalmamak için çıkışa yönelir. Otoyolda başlangıçta 30 araç varsa, ilk 15 dakikada trafik sıkışıklığından kaç araç geçmiştir?","İlk 15 dakikada kaç araç geçtiğine dair net bir bilgi verilmediği için sadece net değerlendirme yapılabilir. Başlangıçta 30 araç vardı, 15 dakikada bir kısmı geçti, ardından 20 araç daha geçti ve son olarak 5 araç çıkışa yöneldi.

Başlangıçta 30 araç vardı, kalan araç sayısını hesap edelim:
30 - (geçen araç sayısı) - 20 - 5 = 0

Bu denklemi çözmek için:
30 - 25 - (geçen araç sayısı) = 0
geçen araç sayısı = 5

Yani, ilk 15 dakikada 5 araç geçmiş olmalıdır."
7798,medium,1,4 düzine yumurta + 2 yumurta = 48 yumurta + 2 yumurta = 50 yumurta.,6.0,50.0,44.0,"Rozanne ailesi için eggnog yapıyor. Kutularda bulunan 4 düzine yumurtayı ve dolapta duran diğer 2 yumurtayı kullanıyor. Her biri 5 bardak eggnog alabilecek tepsiler koyuyor. Her bardağa 5 yumurta gerekiyorsa, Rozanne kaç tepsi koyabilir?","Öncelikle, Rozanne'ın sahip olduğu toplam yumurta sayısını hesaplayalım:
4 düzine yumurta + 2 yumurta = 48 yumurta + 2 yumurta = 50 yumurta.

Her bir bardağa 5 yumurta gerektiği için, toplamda kaç bardak eggnog yapabileceğini hesaplayalım:
50 yumurta / 5 yumurta/bardak = 10 bardak eggnog.

Her bir tepsi 5 bardak eggnog aldığına göre, kaç tepsi gerektiğini hesaplayalım:
10 bardak / 5 bardak/tepsi = 2 tepsi.

Rozanne iki tepsi eggnog koyabilir."
7818,low,1,Faiz = 300 $ × 0.3333 × 3 = 300 $ × 1 = 300 $,299.96999999999997,300.0,0.03000000000002956,"Brenda, her yıl orijinal tutarın dörtte üçü oranında basit faiz biriktiren bir plana 300 $ yatırmıştır. Üç yıl sonra toplam ne kadar parası olacaktır?","Basit faiz formülünü kullanarak cevabı hesaplayabiliriz:

1. Faiz oranı: 4/3 = 1/3 = 0.3333 (yılda %33.33)
2. Yatırılan tutar (anapara): 300 $

Üç yıl için basit faiz hesaplaması:

Faiz = Anapara × Faiz Oranı × Süre
Faiz = 300 $ × 0.3333 × 3 = 300 $ × 1 = 300 $

Toplam para:
Toplam = Anapara + Faiz
Toplam = 300 $ + 300 $ = 600 $

Üç yılın sonunda Brenda'nın 600 $ parası olacaktır."
7845,low,1,"2250 pound × 0,453592 = 1020 kg",1020.582,1020.0,0.5819999999999936,"Bir çiftçi atları için yem satın alıyor. Çeşitli saman, yulaf, havuç ve küp şeker satın alır. Küp şeker nadir bulunan bir yiyecek olduğundan, tüm ahır için sadece iki adet 1 kiloluk kutu satın alır. Sadece sebzeler tazeyken atları beslemeye yetecek kadar havuç istiyor, bu yüzden dört adet 12 kiloluk torba satın alıyor. Saman, atlarının ana besinidir, bu yüzden kırk iki adet 75 kiloluk balya satın alır. Yulaf, samanı desteklemek için temel bir gıda maddesi olduğundan yirmi adet 65 kiloluk çuval satın alıyor. Çiftlik kamyonu bir seferde 2250 pound taşıyabiliyorsa, çiftçinin tüm yemi taşımak için kaç sefer yapması gerekir?","Öncelikle her bir yem türünün toplam ağırlığını hesaplayalım:

1. Küp şeker: 2 kutu × 1 kg = 2 kg
2. Havuç: 4 torba × 12 kg = 48 kg
3. Saman: 42 balya × 75 kg = 3150 kg
4. Yulaf: 20 çuval × 65 kg = 1300 kg

Toplam ağırlık = 2 kg + 48 kg + 3150 kg + 1300 kg = 4500 kg

Çiftlik kamyonunun taşıma kapasitesi 2250 pound. 1 pound = 0,453592 kg olduğuna göre, kamyonun taşıma kapasitesini kilogram cinsinden hesaplayalım:

2250 pound × 0,453592 = 1020 kg

Toplam 4500 kg yemi taşımak için gereken sefer sayısını bulmak için toplam ağırlığı taşıma kapasitesine bölelim:

4500 kg / 1020 kg ≈ 4,41

Tam sefer sayısı gerektiğinden dolayı, çiftçinin 5 sefer yapması gerekir."
8014,medium,4,1/2 pound badem = 1/2 * 10$ = 5$,0.5,5.0,4.5,"Bir kilo bademin fiyatı 10$ iken bir kilo cevizin fiyatı 15$'dır. 1/2 pound badem ve 1/3 pound ceviz karışımı, 1/5 pound badem ve 1/3 pound ceviz karışımından ne kadar daha pahalıdır?","1/2 pound badem ve 1/3 pound ceviz karışımı için maliyet:

Badem: 10$/kilo
Ceviz: 15$/kilo

1/2 pound badem = 1/2 * 10$ = 5$
1/3 pound ceviz = 1/3 * 15$ = 5$

Toplam: 5$ + 5$ = 10$

1/5 pound badem ve 1/3 pound ceviz karışımı için maliyet:

1/5 pound badem = 1/5 * 10$ = 2$
1/3 pound ceviz = 1/3 * 15$ = 5$

Toplam: 2$ + 5$ = 7$

Fark: 10$ - 7$ = 3$

Cevap: 3$ daha pahalıdır."
8027,medium,1,10 dolar - 42 dolar / 2 = 8.75 dolar.,-11.0,8.75,19.75,"Billy babasının verdiği 10 dolarla şeker alıyor. Şekerin kilosu 1,5 dolardır. Şekeri aldıktan sonra, para üstünün yarısını alıyor ve tanesi 1,05 dolar olan sakızlara harcıyor. Eğer 40 sakız aldıysa, kaç kilo şeker almıştır?","Öncelikle Billy'nin 40 sakız aldığını hesaplayalım. Her biri 1,05 dolar olduğundan toplamda:

40 sakız * 1,05 dolar/sakız = 42 dolar.

Billy'nin şekeri aldıktan sonra elinde kalan para:

10 dolar - 42 dolar / 2 = 8.75 dolar.

Bir kilo şeker 1,5 dolar olduğuna göre:

8.75 dolar / (1,5 dolar/kilo) ≈ 5.83 kilo.

Billy yaklaşık 5,83 kilo şeker almıştır."
8129,medium,1,25.000 $ + 25.000 $ = 50.000 $ / 2 = 25.000 $,50000.0,25000.0,25000.0,"Marcy 40 yıl boyunca aynı şirkette çalışırsa, yıllık 50.000 $/yıl emekli maaşı alır. 20 yıldan sonra, her yıl emekli maaşının değerinin %5'ini almaya hak kazanır. Eğer 30 yıl sonra işten ayrılırsa, yıllık emekli maaşı ne kadar olacaktır?","30 yıl sonra işten ayrılırsa, Marcy her yıl emekli maaşının yıllık değerinin %5'ini 20 yıl boyunca kazanacaktır.

20 yıl sonra:
%5 x 50.000 $ = 2.500 $

Sonraki 10 yıl boyunca her yıl:
%5 x 10 yıl = 50%

Toplam:
2.500 $ x 10 yıl = 25.000 $

İlave olarak 25.000 $, 50.000 $'ın %50'si olan 25.000 $ daha eklenir.

Yıllık emekli maaşı:
25.000 $ + 25.000 $ = 50.000 $ / 2 = 25.000 $"
8264,medium,1,2 * (22 + 8) - 5 = 51.,55.0,51.0,4.0,Jame 5 yıl sonra 27 yaşına girecek.  8 yıl sonra kuzeni onun iki katından 5 yaş daha genç olacak.  Şimdi ikisinin yaşları arasında kaç yıl var?,"Şu anda James 22 yaşında (27 - 5).

8 yıl sonra kuzeni, James'in yaşının iki katından 5 yaş daha genç olacak:
2 * (22 + 8) - 5 = 51.

Yani kuzeni şu anda 51 - 8 = 43 yaşında.
İkisi arasındaki yaş farkı: 43 - 22 = 21 yıldır."
8272,low,1,820 fit / 75 çekirdek = 10.93 fit (yaklaşık),10.933333333333334,10.93,0.0033333333333338544,Zoey ve Sydney karpuz çekirdeği tükürme yarışması yapıyorlar. Çekirdeklerini toplamda en uzağa kim tükürürse o kazanıyor. Her biri bir karpuz alıyor. Zoey'nin 40 çekirdeği var ve her birini 10 fit tükürüyor. Sydney'ninkinde 35 tane var ve her birini 12 feet'e tükürüyor. Tükürülen toplam mesafenin ortalaması nedir?,"Zoey'nin toplam mesafesi:
40 çekirdek × 10 fit = 400 fit

Sydney'nin toplam mesafesi:
35 çekirdek × 12 fit = 420 fit

Toplam mesafe:
400 fit + 420 fit = 820 fit

Çekirdek sayısının toplamı:
40 + 35 = 75

Ortalama mesafe:
820 fit / 75 çekirdek = 10.93 fit (yaklaşık)"
8503,medium,1,"Toplam: 10,00 + 5,00 + 6,00 + 10,00 + 2,00 = 34,00 dolar",33.0,34.0,1.0,"Scarlett bahçe satışında 10.00 dolara bir akvaryum buldu.  Evcil hayvan dükkanından tanesi 2,50 dolardan 2 torba kaya ve tanesi 2,00 dolardan 3 parça mercan aldı.  Her biri 0,50$'dan 20 balık aldı ve 2,00$'lık balık yemine ihtiyacı vardı.  Ne kadar harcadı?","Scarlett toplamda 34,00 dolar harcadı.

Hesaplamalar:
- Akvaryum: 10,00 dolar
- Kayalar: 2 torba * 2,50 dolar = 5,00 dolar
- Mercanlar: 3 parça * 2,00 dolar = 6,00 dolar
- Balıklar: 20 balık * 0,50 dolar = 10,00 dolar
- Balık yemi: 2,00 dolar

Toplam: 10,00 + 5,00 + 6,00 + 10,00 + 2,00 = 34,00 dolar"
8561,medium,1,"Hangi tablolar tanesi dersek, 6 * 3 = 18000 dolardır.",18.0,18000.0,17982.0,"Yirmi düzine fincanın maliyeti, tanesi 6000 dolardan satılan yarım düzine tabağın toplam maliyetinden 1200 dolar daha azdır. Her bir fincan satın almanın toplam maliyetini hesaplayın.","Yirmi düzine fincanın maliyetini bulalım. Öncelikle bir düzine 12 adettir, bu yüzden yirmi düzine 20 * 12 = 240 fincan eder.

Yarım düzine tabağın maliyetini bulmak için önce bu tabakların tanesinin 6000 dolar olduğunu biliyoruz. Hangi tablolar tanesi dersek, 6 * 3 = 18000 dolardır.

Soruda yirmi düzine fincanın maliyeti, yarım düzine tabağın toplam maliyetinden 1200 dolar daha azdır dediği için:
Yirmi düzine fincan maliyeti = 18000 - 1200 = 16800 dolardır.

Her birer fincan maliyetini bulmak için toplam maliyeti fincan sayısına bölelim:
Fincan başına maliyet = 16800 / 240 = 70 dolardır."
